k,time
1,17659247
1,15713724
1,14292308
1,13219686
1,12351415
1,11713188
1,11248850
1,10742517
1,10163148
1,9742224
1,9421638
1,8759257
1,8063850
1,8052470
1,8151805
1,7922991
1,8071976
1,8131872
1,8155253
1,8000839
2,8015410
2,8125797
2,8155915
2,8141475
2,8026057
2,8093007
2,8041019
2,8103665
2,8007478
2,8050803
2,8060819
2,8058862
2,8099798
2,8135790
2,7981223
2,8062564
2,8017569
2,8142242
2,8038544
2,8059455
3,7945153
3,8111664
3,8106844
3,8001574
3,7889819
3,7951227
3,8067144
3,8061573
3,8039569
3,8024852
3,7983144
3,8017664
3,8067130
3,7982993
3,8068815
3,8190372
3,7998176
3,8047058
3,8066098
3,8099400
4,7952416
4,8059741
4,8195438
4,8135949
4,8096668
4,8078596
4,8104336
4,8151980
4,8050661
4,8189043
4,8193259
4,8122800
4,8161456
4,8040922
4,8147375
4,7937354
4,8025424
4,8102692
4,8156881
4,7991302
5,7972783
5,8065867
5,8139415
5,8052998
5,8043331
5,8100067
5,8076259
5,8194182
5,8111774
5,8099753
5,8001086
5,8061982
5,8136005
5,8219831
5,8071226
5,8009644
5,8106877
5,8156109
5,8095587
5,8040103
6,8152068
6,8053399
6,8142050
6,8125903
6,8182292
6,7974057
6,8089124
6,8164334
6,8082862
6,8028862
6,7981311
6,8155662
6,8086051
6,8044043
6,8012342
6,8156277
6,8059276
6,8105462
6,8123880
6,8175138
7,7971152
7,7999757
7,8141073
7,8021516
7,8005151
7,7923282
7,8131118
7,8034822
7,8045373
7,7958346
7,7993295
7,8015424
7,8040165
7,8098736
7,8031746
7,7960919
7,8018994
7,8089697
7,8066170
7,8040494
8,8022994
8,8086350
8,8063291
8,8028314
8,7934378
8,8183214
8,8118374
8,8070812
8,7991100
8,8043523
8,7967233
8,7965331
8,8174902
8,8113249
8,7947938
8,7994891
8,8005735
8,8114180
8,8143025
8,7936947
9,8067900
9,7905104
9,8111190
9,8101188
9,7965718
9,7914750
9,7954510
9,8111735
9,8001252
9,7938786
9,8039684
9,8019059
9,8101807
9,7952215
9,7952054
9,7890509
9,7924519
9,7939364
9,8092468
9,8013397
10,7881321
10,7980851
10,8071849
10,8011198
10,7888046
10,8012625
10,8059305
10,8007796
10,7941729
10,7999889
10,8009795
10,7916908
10,7900955
10,7896292
10,7901662
10,7912130
10,7908230
10,7897051
10,7899328
10,7896053
11,7889125
11,7893377
11,7901445
11,7895644
11,7888586
11,7899932
11,7900358
11,7895517
11,7896672
11,7941861
11,8062342
11,7994677
11,7956104
11,8020593
11,7988269
11,7974323
11,8001341
11,7871083
11,7892940
11,7973250
12,8032229
12,7924335
12,7899856
12,8015663
12,7995816
12,7995537
12,8058746
12,8039525
12,8011239
12,8017498
12,8000412
12,8039421
12,7942008
12,8049551
12,8089478
12,8117754
12,7953411
12,7952635
12,8040843
12,8109956
13,8341085
13,8480572
13,8041853
13,8000925
13,8018910
13,7962698
13,8057861
13,7951545
13,7971562
13,8017707
13,8117386
13,7915121
13,7921119
13,8075977
13,8072655
13,7941273
13,8015158
13,8005771
13,8116201
13,8010706
14,8006047
14,7938953
14,7896882
14,7968122
14,8056358
14,7965100
14,7939531
14,7918560
14,8002951
14,8062398
14,7914212
14,8025348
14,8044627
14,8100691
14,7970073
14,7971208
14,8020575
14,7947646
14,8044554
14,8069907
15,8048446
15,7933202
15,8156749
15,8075566
15,8096145
15,7906888
15,7995371
15,7995703
15,8053345
15,7958536
15,7913986
15,8079373
15,7999535
15,7992230
15,7963845
15,8043072
15,7957892
15,7962657
15,8041531
15,8015047
16,7925080
16,7923445
16,7978494
16,8123900
16,7996355
16,7946098
16,8016324
16,7992394
16,8077320
16,7943508
16,8014485
16,7947171
16,7999366
16,8025007
16,8054299
16,7963108
16,8023817
16,8070181
16,8153809
16,7987908
17,7995529
17,8053522
17,8024342
17,8032822
17,7987769
17,8078875
17,7928593
17,8002466
17,7980199
17,8043928
17,7869027
17,7954383
17,8035261
17,8053019
17,7961854
17,7940998
17,8088256
17,7963888
17,8018497
17,7983620
18,7958280
18,7977016
18,8026290
18,7917483
18,8028544
18,7972577
18,8024336
18,8031095
18,8014104
18,7930877
18,7984175
18,8091228
18,8026551
18,8005351
18,7953587
18,8099826
18,8089604
18,7999962
18,8018100
18,8034577
19,7960618
19,8033986
19,8023750
19,8043745
19,7934372
19,8028976
19,8130881
19,8008534
19,7894754
19,7868998
19,8046575
19,8049572
19,8000059
19,7911193
19,8007052
19,7919963
19,8018410
19,7926445
19,8044323
19,7952286
20,8030664
20,8007553
20,7992762
20,8058706
20,8120133
20,7995809
20,7984315
20,7910842
20,7929610
20,7966893
20,8030562
20,7965423
20,7996705
20,7956619
20,7952496
20,8060707
20,7897582
20,7894958
20,7894752
20,7889164
21,7899475
21,7919470
21,7889080
21,7900892
21,7905732
21,7880378
21,7902292
21,7962770
21,7901110
21,7911950
21,7896254
21,7899371
21,7897362
21,7902781
21,7896362
21,7957248
21,8140653
21,8018506
21,7996190
21,8038911
22,8027234
22,7961191
22,7950081
22,8024917
22,8090060
22,7958501
22,7947752
22,8022546
22,8044992
22,8062693
22,8003989
22,7924288
22,7957163
22,8063217
22,8045064
22,7969571
22,7916686
22,7980350
22,8104082
22,7980363
23,7892828
23,8025836
23,7989675
23,7944439
23,7994731
23,8013793
23,7994645
23,7955860
23,7936144
23,8088088
23,7917919
23,7882156
23,7988732
23,8070014
23,7942454
23,7900180
23,8032038
23,8044872
23,7983433
23,8051223
24,8106458
24,7957493
24,8045479
24,7986646
24,8013366
24,7903318
24,7969037
24,8027378
24,8041827
24,7941712
24,7989000
24,7976867
24,7991045
24,7893227
24,7971148
24,7868516
24,8063741
24,7929526
24,7976539
24,7949029
25,7852566
25,8043073
25,7984254
25,7940273
25,7891492
25,7933079
25,8080224
25,8072905
25,7916794
25,7861353
25,8052548
25,8459153
25,8401830
25,7940521
25,8126562
25,7912903
25,8017799
25,8102255
25,8001995
25,7896611
26,7916844
26,8014760
26,8068321
26,7935278
26,7871907
26,7987144
26,8067470
26,7900129
26,7899772
26,8003116
26,8046071
26,8000805
26,7985278
26,8064795
26,7893387
26,7933043
26,7980202
26,8092269
26,7906666
26,7887637
27,8003130
27,8077589
27,7942977
27,7952408
27,8027395
27,7999466
27,8032444
27,7952805
27,8003420
27,7971762
27,7985349
27,7897462
27,8123880
27,7920052
27,7962406
27,7948248
27,8031786
27,7876284
27,7910926
27,7971260
28,7979788
28,7913293
28,7846072
28,8016175
28,7977754
28,7960552
28,7996784
28,8012967
28,7883632
28,7921430
28,7966262
28,7988812
28,7798396
28,7948036
28,8029316
28,8020963
28,7897595
28,7837016
28,8026047
28,7947011
29,7902840
29,7984517
29,7969319
29,7883701
29,7932800
29,7883998
29,7953133
29,7847152
29,7971267
29,8001409
29,7972711
29,7948141
29,7966541
29,8010274
29,8015523
29,7828176
29,7793604
29,8006250
29,7952542
29,7941542
30,7824986
30,7919907
30,7954324
30,7876077
30,7927326
30,8002036
30,7933588
30,7921338
30,8010228
30,7989855
30,7886495
30,7919617
30,7913190
30,7941670
30,7850097
30,7897604
30,8032061
30,8045342
30,7957013
30,7849029
31,7944137
31,7961247
31,7997397
31,7833097
31,7848734
31,7830388
31,7815094
31,7841599
31,7833966
31,7845648
31,7837715
31,7858532
31,7837970
31,7842562
31,7849270
31,7837476
31,7844633
31,7836827
31,7840717
31,7835219
32,7835786
32,7832930
32,7933119
32,8014551
32,7870113
32,7911359
32,7867372
32,7990362
32,7878608
32,7962495
32,7919709
32,8022888
32,7912322
32,7931333
32,8041586
32,7959524
32,7895050
32,7930940
32,8022644
32,7914198
33,7899319
33,7835653
33,7972884
33,7899005
33,7871166
33,7806605
33,7952102
33,7946763
33,8003295
33,7857286
33,7837354
33,7824749
33,7913244
33,7903261
33,7819371
33,7877365
33,7875980
33,7933698
33,7962942
33,7908252
34,7983525
34,7958472
34,7911200
34,7810944
34,7910871
34,7925443
34,7860866
34,7864020
34,7934336
34,7915479
34,7911099
34,7865073
34,8032160
34,7906161
34,7934160
34,7931902
34,8024253
34,7889301
34,7814808
34,7873870
35,8038438
35,8040299
35,7923343
35,7891501
35,7969747
35,7935060
35,7963729
35,7942756
35,7923921
35,7959830
35,7929912
35,7942672
35,7863105
35,7860768
35,7929265
35,7974783
35,7893474
35,7842804
35,7955878
35,8007712
36,7894036
36,7889402
36,7917443
36,7894869
36,7950025
36,7960381
36,8043573
36,7928644
36,8005090
36,7921564
36,7928334
36,7936624
36,7858983
36,7970297
36,8061386
36,7878679
36,7843287
36,7954454
36,7957068
36,7932547
37,7877842
37,7967290
37,8045555
37,7911080
37,7928843
37,8066487
37,7900661
37,7990970
37,7928511
37,7994719
37,7854334
37,7915292
37,7960754
37,8024647
37,7816208
37,7878637
37,7923005
37,8056683
37,7936309
37,7921069
38,7881181
38,7869088
38,7942605
38,7894167
38,7941204
38,7822162
38,7924992
38,7899524
38,7945582
38,7881521
38,7881268
38,7967900
38,7991456
38,7859346
38,7831761
38,7999172
38,8003251
38,7836980
38,7868308
38,7975780
39,7940168
39,7967378
39,7928705
39,8003693
39,7883519
39,7918019
39,7946121
39,8079933
39,7803064
39,7957419
39,8025093
39,8064775
39,7870108
39,7885361
39,8042157
39,7993155
39,7919572
39,7869894
39,7990858
39,7918686
40,7998103
40,7910642
40,7936240
40,7910340
40,8139040
40,7956876
40,7968446
40,7897467
40,7947396
40,7975492
40,8054866
40,7919191
40,7876774
40,8017404
40,8018236
40,7928659
40,7829561
40,8049571
40,7909834
40,7890628
41,7871726
41,7984743
41,7836724
41,7948861
41,7947879
41,8019228
41,7894071
41,7917551
41,7966317
41,8086421
41,7908280
41,7845048
41,7838458
41,7833999
41,7842761
41,7844007
41,7851414
41,7842492
41,7848460
41,8136604
42,8359082
42,7845099
42,7839964
42,7852365
42,7851895
42,7839044
42,7851582
42,7834908
42,7843484
42,7925286
42,7903975
42,8064997
42,7928570
42,7845911
42,7835242
42,8068278
42,7972392
42,7930065
42,7948794
42,8051638
43,7930521
43,7952791
43,7924321
43,8051740
43,7842066
43,7939879
43,7998942
43,7999059
43,7919785
43,7965557
43,8048532
43,8007569
43,7847930
43,7875954
43,8073570
43,7974004
43,7998292
43,7809163
43,7941418
43,7945442
44,7993358
44,7838962
44,7959489
44,7883386
44,7939011
44,7934030
44,7850930
44,7826806
44,7987857
44,8071990
44,7985047
44,7887779
44,7867212
44,7955762
44,7976129
44,7916957
44,7934421
44,7896161
44,7905466
44,7924262
45,7963090
45,7891453
45,7949528
45,7981097
45,8075750
45,7904167
45,7802589
45,7890313
45,8109369
45,8009739
45,7936894
45,7929105
45,7949520
45,7969187
45,7978591
45,7869224
45,7927385
45,7886288
45,8008958
45,7875749
46,7976844
46,7958106
46,7951125
46,8014974
46,7887601
46,7840481
46,7921486
46,7959192
46,8002208
46,7831385
46,7932571
46,7966482
46,7965346
46,7913345
46,7946520
46,7876243
46,7929135
46,8057926
46,7880474
46,7905191
47,7957934
47,7973751
47,7998709
47,7808271
47,7920280
47,8003938
47,8001442
47,7895957
47,7889711
47,7966963
47,7980645
47,7909615
47,7909314
47,7952993
47,7967163
47,7953964
47,8002405
47,7995362
47,7919461
47,8008021
48,7979129
48,7997660
48,7980574
48,7916053
48,7977223
48,7985675
48,7929752
48,7888294
48,7886653
48,7986167
48,8001258
48,7918093
48,7932879
48,7906458
48,8008192
48,7977274
48,7919557
48,7890256
48,7942686
48,7940636
49,7964769
49,7826519
49,7954577
49,7987253
49,8061874
49,7932513
49,7813032
49,7961652
49,7988720
49,7957447
49,7862535
49,7970104
49,7844479
49,7961825
49,7997315
49,7980239
49,7855266
49,7925302
49,7987567
49,8003787
50,7896496
50,7930191
50,7984514
50,8095426
50,7899015
50,7942334
50,7997530
50,7952401
50,8089165
50,7916642
50,7956004
50,7904319
50,7935198
50,7943822
50,7986924
50,7872808
50,7934495
50,7940510
50,8017034
50,7821026
51,7889369
51,7923668
51,8052695
51,7868013
51,7831728
51,7906240
51,7921187
51,8043358
51,7859144
51,7955252
51,7972292
51,7941004
51,7953682
51,7961261
51,7928920
51,7893226
51,7990112
51,7888485
51,7836326
51,7831474
52,7833246
52,7840822
52,7847054
52,7848809
52,7840467
52,7841351
52,7838543
52,7845410
52,7841269
52,7851530
52,7841279
52,7843365
52,7855116
52,7844415
52,7835216
52,7950102
52,7903870
52,7939513
52,7876267
52,7973605
53,7947173
53,7852509
53,7967727
53,7998401
53,7930648
53,7949460
53,7862685
53,8010436
53,8013871
53,7978744
53,7931501
53,8043251
53,7975515
53,7985278
53,7939845
53,7923854
53,7889793
53,7887579
53,8027952
53,8076356
54,7874507
54,7849967
54,8085091
54,8034320
54,7899477
54,7902968
54,8059719
54,8014978
54,8015398
54,7840293
54,8023007
54,7952557
54,7982818
54,7952916
54,7904747
54,7852819
54,8035892
54,8035897
54,7944486
54,7800187
55,7886150
55,7989710
55,7976278
55,7817138
55,7808205
55,8000150
55,7992471
55,7890571
55,7836769
55,7926513
55,7902894
55,7875232
55,7910357
55,7838265
55,7940550
55,7936208
55,8013107
55,7821188
55,7822764
55,7894400
56,7971260
56,7881372
56,7780730
56,7957329
56,7927073
56,7837925
56,8001826
56,7866307
56,7997130
56,7886525
56,7972405
56,7922184
56,7915621
56,7858095
56,7939203
56,7902001
56,7895949
56,7888708
56,7910242
56,7983568
57,7900738
57,7941861
57,7856387
57,7979271
57,7941604
57,7889635
57,7820359
57,8004439
57,7917796
57,7887135
57,7820825
57,7912045
57,7900971
57,7875331
57,7834668
57,7801120
57,7943085
57,7908140
57,7952956
57,7815905
58,7912263
58,7954801
58,7891673
58,7830059
58,7807435
58,7932320
58,7901389
58,7906414
58,7821277
58,7934852
58,7918293
58,7866857
58,8010174
58,8022021
58,7871906
58,7847477
58,7880897
58,8031539
58,7830168
58,7948705
59,7901276
59,7991240
59,7965264
59,7894510
59,7987460
59,8012140
59,7956255
59,7881384
59,7922160
59,8069967
59,7968676
59,7811762
59,7901816
59,7876437
59,7945018
59,7866150
59,7910599
59,7831419
59,7923309
59,7925377
60,8012432
60,7828458
60,7878349
60,7860353
60,8032845
60,7858557
60,7795703
60,7925876
60,7968241
60,7932568
60,7828785
60,7940438
60,7853909
60,7879190
60,7875372
60,7995372
60,7819786
60,7877110
60,7895091
60,7981512
61,7775173
61,7936256
61,7926719
61,8034306
61,7846141
61,7948461
61,7956465
61,7983949
61,7857173
61,7817812
61,7928794
61,7871986
61,7936867
61,7832961
61,7918964
61,7915527
61,8029592
61,7871055
61,7968729
61,7857500
62,7962740
62,7905623
62,7980195
62,7791393
62,7920714
62,7839539
62,7824324
62,7836405
62,7852843
62,7862288
62,7847782
62,7841006
62,7845209
62,7839859
62,7838498
62,7848394
62,7839583
62,7834196
62,7841848
62,7851350
63,7835876
63,7842067
63,7844731
63,7823425
63,7989218
63,8017597
63,8069185
63,8491123
63,7980430
63,7903284
63,7873951
63,7831704
63,8041535
63,7870125
63,7966517
63,7951343
63,7992271
63,7904954
63,7909452
63,7953537
64,7981200
64,7896577
64,7858220
64,7995092
64,7978890
64,7875655
64,7964326
64,8035583
64,7961487
64,7910905
64,7802195
64,7974906
64,7923873
64,7946799
64,7847319
64,8025244
64,7943798
64,7876518
64,7970855
64,7956949
65,7893893
65,7839754
65,8005974
65,7944693
65,7813976
65,7884324
65,8044738
65,7964719
65,7972816
65,7814266
65,7981686
65,7948238
65,7988151
65,7875184
65,8029906
65,7913912
65,7963604
65,7922890
65,7955291
65,7882823
66,7974057
66,8059555
66,7878434
66,7906535
66,7901870
66,7980032
66,7945116
66,7853847
66,7921183
66,7980831
66,7961347
66,7986632
66,7850493
66,7918226
66,7907494
66,7901965
66,7876033
66,7863177
66,7944437
66,7929063
67,8019182
67,7823431
67,7876742
67,7933477
67,7962824
67,7917620
67,7903153
67,7887021
67,8048054
67,7964672
67,8031710
67,7964104
67,7951943
67,7802524
67,8004359
67,7851550
67,7895909
67,7887408
67,7972375
67,7925817
68,7856667
68,7919405
68,7914339
68,7990706
68,7909682
68,7907221
68,7904119
68,7960472
68,7906096
68,7985099
68,7924685
68,7962851
68,7895336
68,7946708
68,7872676
68,8047596
68,7933497
68,7922099
68,7922625
68,7893051
69,7858618
69,7872363
69,7912952
69,7863989
69,7889086
69,7947940
69,7902002
69,7993932
69,7905882
69,8001162
69,7941471
69,7869548
69,7918875
69,7977813
69,7897882
69,7913679
69,7953085
69,8024932
69,7862519
69,7898984
70,7932837
70,8031659
70,7874352
70,7900709
70,7972482
70,7975397
70,7955606
70,7932686
70,7930039
70,8006374
70,7891664
70,7927137
70,7926330
70,8002985
70,8019229
70,7872830
70,7938612
70,7888967
70,7939881
70,7894417
71,8037205
71,7874019
71,7950380
71,7898180
71,7968890
71,7952566
71,7946649
71,7977371
71,7892069
71,7973302
71,7867147
71,7986696
71,7997494
71,7862672
71,7944305
71,7948649
71,7864267
71,7970845
71,8041484
71,8048940
72,7788994
72,7877080
72,7936792
72,7955109
72,7983269
72,7823072
72,8074674
72,7835183
72,7924682
72,7869856
72,7934187
72,7842577
72,7839110
72,7850426
72,7856014
72,7837717
72,7846151
72,7867417
72,7856670
72,7846359
73,7856125
73,7830382
73,7842931
73,7850653
73,7859308
73,7851003
73,7837343
73,7853680
73,7849446
73,7838573
73,7843954
73,7869141
73,7844532
73,7990745
73,7817177
73,7907582
73,7890370
73,7952400
73,7801547
73,7838734
74,7873828
74,7900559
74,7797332
74,7883214
74,7968479
74,7949952
74,7782350
74,7852780
74,7894952
74,7909514
74,7922309
74,7802199
74,8018049
74,7872894
74,7869192
74,7821622
74,7994239
74,7863135
74,7899206
74,7870958
75,7944249
75,7903333
75,7911647
75,7923909
75,7957569
75,7907981
75,7880426
75,7979602
75,7887495
75,7799840
75,7795649
75,8050256
75,7888346
75,7823420
75,7857310
75,7936073
75,7848897
75,7863702
75,7884972
75,7964584
76,7979100
76,7880463
76,7940747
76,7923971
76,7881261
76,7854319
76,8018945
76,7950007
76,7860229
76,7927538
76,8061443
76,7924742
76,7838637
76,7861640
76,7987799
76,7920811
76,8030100
76,7849353
76,8012991
76,7904754
77,8083840
77,8019348
77,7929837
77,7860862
77,7901073
77,8012291
77,7815813
77,7824347
77,7933008
77,8023533
77,7913275
77,7843608
77,7990010
77,8058810
77,7995944
77,7898939
77,7910243
77,7905411
77,7986761
77,7994580
78,7985196
78,7810639
78,7990737
78,7953460
78,7958121
78,7749431
78,7848052
78,7939502
78,7998901
78,7951269
78,7904817
78,7934107
78,7956191
78,7998339
78,7921823
78,7951046
78,7942284
78,7922320
78,8005667
78,7882331
79,7903717
79,7861329
79,7980479
79,8032090
79,7855025
79,7957546
79,7972380
79,8011029
79,7934386
79,7761461
79,7942371
79,7932861
79,7959940
79,7769388
79,7877878
79,7939941
79,7926548
79,7921730
79,7925030
79,7921310
80,7955368
80,8033178
80,8055181
80,7850933
80,7976556
80,7957795
80,8002287
80,7808187
80,7874432
80,7998021
80,7995742
80,7878221
80,7886285
80,7996800
80,8021787
80,7976269
80,7991508
80,8029236
80,7905376
80,8036238
81,7954650
81,8014880
81,7877457
81,7907010
81,7994959
81,8079373
81,7888021
81,7877623
81,8064220
81,7995364
81,7940151
81,7970554
81,7965851
81,7954616
81,7974733
81,7873245
81,7910392
81,7888694
81,7978591
81,7964476
82,8041302
82,7919243
82,7999489
82,7923760
82,8041997
82,7830953
82,7863474
82,7956650
82,7971729
82,7884598
82,7820788
82,7914445
82,7966304
82,7964967
82,7919969
82,7953821
82,7847251
82,7925104
82,7896409
82,7993937
83,7856374
83,7852895
83,7846665
83,7835829
83,7840945
83,7845907
83,7842307
83,7857687
83,7852494
83,7840127
83,7850741
83,7840722
83,7853769
83,7840475
83,7838671
83,7840006
83,7860505
83,7839727
83,7841828
83,7837523
84,7992506
84,7829561
84,7997326
84,7865337
84,7912953
84,7811955
84,7901326
84,7848233
84,7834569
84,7834441
84,8012215
84,7899981
84,7877787
84,8050496
84,7936097
84,7905088
84,7861842
84,7938914
84,7913093
84,7892976
85,7976224
85,7941770
85,7885153
85,7936280
85,7879375
85,8003868
85,7828851
85,7889308
85,8061170
85,7947967
85,7890365
85,7802911
85,8067058
85,7909735
85,7862595
85,7813980
85,7981482
85,7985318
85,8001336
85,7938404
86,7957967
86,7917806
86,7943430
86,7947378
86,7878591
86,7915623
86,7912113
86,7995507
86,7964436
86,7901753
86,7944472
86,8032738
86,7953328
86,7835469
86,7913964
86,7947548
86,7972504
86,7868561
86,7930264
86,7968198
87,8043614
87,7875536
87,7972443
87,7869025
87,7875113
87,7931663
87,8080280
87,7943026
87,7906207
87,7850896
87,8028519
87,7945498
87,7968514
87,7893343
87,8002587
87,7981007
87,7931141
87,7960862
87,7967518
87,7926851
88,7956557
88,7949275
88,7916523
88,7939763
88,7893132
88,8009642
88,7960078
88,7961386
88,7973687
88,7965815
88,7884570
88,7883307
88,7955877
88,7937411
88,7852753
88,7891628
88,7915985
88,7877514
88,7864766
88,7892452
89,8002637
89,7854572
89,7859542
89,7866100
89,7989183
89,7872815
89,7838942
89,7915236
89,7940572
89,7834740
89,7930134
89,7968118
89,8003592
89,7899041
89,7930540
89,7931971
89,7945367
89,7867906
89,7869307
89,7996859
90,7846354
90,7897364
90,7853402
90,8001777
90,7885410
90,7911497
90,7956009
90,7952304
90,7885412
90,7879596
90,7895277
90,8033841
90,8031975
90,7888411
90,7914440
90,7893128
90,7976459
90,7888356
90,7942062
90,7908268
91,7891192
91,8004374
91,8396550
91,7850242
91,7865607
91,8016999
91,7894485
91,7846034
91,7909156
91,7939307
91,7959243
91,7825642
91,7885499
91,7984534
91,7890974
91,7871837
91,7878914
91,7993190
91,7879787
91,7955554
92,7835356
92,7953239
92,7866391
92,7881775
92,7936099
92,8044252
92,7869408
92,7790555
92,7958485
92,7995203
92,7897778
92,7904449
92,7962162
92,7934252
92,7948161
92,7900963
92,8005303
92,7884605
92,7968942
92,7883561
93,7943885
93,7866347
93,7940334
93,7913894
93,7899064
93,7819173
93,7880306
93,7946270
93,7938678
93,7861068
93,7861455
93,7842833
93,7850398
93,7856100
93,7835089
93,7849516
93,7843387
93,7853260
93,7839002
93,7838690
94,7846966
94,7853341
94,7838493
94,7842808
94,7873272
94,7844965
94,8006474
94,7931346
94,7847852
94,7883715
94,7976552
94,7998384
94,7855742
94,7846133
94,8013749
94,7924572
94,7889892
94,7762903
94,7881996
94,8043885
95,8002221
95,7899168
95,7974790
95,7898885
95,7951072
95,7855655
95,7896295
95,7865927
95,7899656
95,7892387
95,7852937
95,7787163
95,7826394
95,7930702
95,7877367
95,7901896
95,7855964
95,8028314
95,7965378
95,7851721
96,7885964
96,7960988
96,7882332
96,7846170
96,7829146
96,7975319
96,7831806
96,7896953
96,7942647
96,7939981
96,7904026
96,7879060
96,8034593
96,7872736
96,7926718
96,7823617
96,7977322
96,7986951
96,7926183
96,7887876
97,7981723
97,8016239
97,7862055
97,7974339
97,7872130
97,7843656
97,7984869
97,7962271
97,7907877
97,7866464
97,7895590
97,8015238
97,7877970
97,7779629
97,7850884
97,7961541
97,7848617
97,7899868
97,7984956
97,7959796
98,7889441
98,7811838
98,7978013
98,7992825
98,7867394
98,7900855
98,7978745
98,7945485
98,7875781
98,7901573
98,8093547
98,7932284
98,7876715
98,7834868
98,8050056
98,7941328
98,7880750
98,7912087
98,7994152
98,7928910
99,7959138
99,8003281
99,7937863
99,7909447
99,7937886
99,7980028
99,7821011
99,7850031
99,7887135
99,8006980
99,7939938
99,7840659
99,7847341
99,7933425
99,7884313
99,7885482
99,7852788
99,7938967
99,7984693
99,7915691
100,7941504
100,7948268
100,7876877
100,7906842
100,8068205
100,7992495
100,7821211
100,7862476
100,8031712
100,7913758
100,7875464
100,7873381
100,7970170
100,7851227
100,7866408
100,7833163
100,7980921
100,7861942
100,7947777
100,7894822
101,7930347
101,7846501
101,7832488
101,7952081
101,7837698
101,7924305
101,7867345
101,7980143
101,7871838
101,7871543
101,7894298
101,7938913
101,7996887
101,7815969
101,7868934
101,7839946
101,7841798
101,7828171
101,7861673
101,7848834
102,7886301
102,7907281
102,8015061
102,7898377
102,8004860
102,7798518
102,7938874
102,7786139
102,7912781
102,7840059
102,7851362
102,7916605
102,7808057
102,7940181
102,8008517
102,7942155
102,7908326
102,7897186
102,7939459
102,7946660
103,7846799
103,7932148
103,7895803
103,7862875
103,7918938
103,8121562
103,7864003
103,7989582
103,7875936
103,7957563
103,7936105
103,7918011
103,7900085
103,7983371
103,7929730
103,7856201
103,7841873
103,7847494
103,7850542
103,7848334
104,7843547
104,7836397
104,7867192
104,7847302
104,7857927
104,7844828
104,7852272
104,7858913
104,7847722
104,7894759
104,7843184
104,7851883
104,7854341
104,7825724
104,7857120
104,7986811
104,7912242
104,7924923
104,7752344
104,8014235
105,7920502
105,7928147
105,7789641
105,8033333
105,7916112
105,7858032
105,7812342
105,8012713
105,7858141
105,7903150
105,7966129
105,7936860
105,7873544
105,7927029
105,7952359
105,7949415
105,7801112
105,7874636
105,7951986
105,7979168
106,7894343
106,7863754
106,7970915
106,7909655
106,7913658
106,7820365
106,7949049
106,7971450
106,7943165
106,7839191
106,7933728
106,7895540
106,8036275
106,7930334
106,7948878
106,7877246
106,7884934
106,7889071
106,7924094
106,7938209
107,7913250
107,7989158
107,7965435
107,7900672
107,7796801
107,7970792
107,7915855
107,7981420
107,7854363
107,7965048
107,7873276
107,7877095
107,7994562
107,7943471
107,7853067
107,7864564
107,7912815
107,7956339
107,7901224
107,7855657
108,8075252
108,7936574
108,7912428
108,7819895
108,7970304
108,7893497
108,7882615
108,7843275
108,7922159
108,7974072
108,7986781
108,8114316
108,7921587
108,7830190
108,7833121
108,8038548
108,7930735
108,7784515
108,7805126
108,8075290
109,7889764
109,7826387
109,7853334
109,7947312
109,7932066
109,7910984
109,7936514
109,7984327
109,7936341
109,7953418
109,7996648
109,8039620
109,7859013
109,7924102
109,8011294
109,8000061
109,7832606
109,7872953
109,8066796
109,8077627
110,8003424
110,7855780
110,8021302
110,7989099
110,7978839
110,7884974
110,7892569
110,7982135
110,8010110
110,7995021
110,7852086
110,7889240
110,7880014
110,8039278
110,7898565
110,7848727
110,7954533
110,7980299
110,7849522
110,7840772
111,7885299
111,7998167
111,7992382
111,7964212
111,8001822
111,7908130
111,7902080
111,7918220
111,7961425
111,7823727
111,7883937
111,7890983
111,8006658
111,7939343
111,7913459
111,7913925
111,8054604
111,7870888
111,7865771
111,7865828
112,7973720
112,7893729
112,7889557
112,7899946
112,7924210
112,7942241
112,7932442
112,7912583
112,7954009
112,7888643
112,7867691
112,7964447
112,7821135
112,7836951
112,7951748
112,7949796
112,7888178
112,7908776
112,7920305
112,7931700
113,7819679
113,7950864
113,8012574
113,7926612
113,7965604
113,7909126
113,7976670
113,7832642
113,7953690
113,7865076
113,7928052
113,7868566
113,7863398
113,7906845
113,7913745
113,7910767
113,7859772
113,8014028
113,7979210
113,7940678
114,7905898
114,7908327
114,7890437
114,7853793
114,7850376
114,7851933
114,7843051
114,7854596
114,7843773
114,7849331
114,7833563
114,7851233
114,7846500
114,7849038
114,7845578
114,7857817
114,7851380
114,7852095
114,7850866
114,7849704
115,7828088
115,8008983
115,7853633
115,7837452
115,7899299
115,7954268
115,7850700
115,7800607
115,7919884
115,7936066
115,7887287
115,7857644
115,8021044
115,7890481
115,7878864
115,7923464
115,8036718
115,7973116
115,7885411
115,7940626
116,7955421
116,7872998
116,7834849
116,7836876
116,7840372
116,7838811
116,7878195
116,8028615
116,7976927
116,7912456
116,7823122
116,7916660
116,7831296
116,7902662
116,7966404
116,7938762
116,7838810
116,7946481
116,7969626
116,7968280
117,7881473
117,7866765
117,8013477
117,7967980
117,7850273
117,7756396
117,8041593
117,7889793
117,7913812
117,7884166
117,7916056
117,7924857
117,7942264
117,7815321
117,7918365
117,7893852
117,7910299
117,7913869
117,7985636
117,7828948
118,8001266
118,7917219
118,7966180
118,7867961
118,7793246
118,8041705
118,7985307
118,7819496
118,7808813
118,8005080
118,7916457
118,7843138
118,7894715
118,8004827
118,7970943
118,7880760
118,7947833
118,7977230
118,7904894
118,7891510
119,7970912
119,7913318
119,7822096
119,7818041
119,8034687
119,7889473
119,7830464
119,7818811
119,7939501
119,7971264
119,7949742
119,7862765
119,7952032
119,7916920
119,7863099
119,8013316
119,7888736
119,7839740
119,7859755
119,8005659
120,7936464
120,7829536
120,7868707
120,8047426
120,7957724
120,7890680
120,7927387
120,7984299
120,7960858
120,7906040
120,7863650
120,7962026
120,7976669
120,8012596
120,7944480
120,7942207
120,7791963
120,7903673
120,7999087
120,7938963
121,7860924
121,7857663
121,8057396
121,8013159
121,7855192
121,7978836
121,8056216
121,7995696
121,7955479
121,7834755
121,7924154
121,7840933
121,7986303
121,7877196
121,7849355
121,7893148
121,7894356
121,7995858
121,7859731
121,7893980
122,7971555
122,7936807
122,7899994
122,8015862
122,7890240
122,7982072
122,7915405
122,7825419
122,7836943
122,7940286
122,7902267
122,7978969
122,8016061
122,7926919
122,7865516
122,7867882
122,7977427
122,7848816
122,7918820
122,7935382
123,7921793
123,7930199
123,7818963
123,8005029
123,8016687
123,7905947
123,7912043
123,7880590
123,7954962
123,7968806
123,7999419
123,7911175
123,7853745
123,7878741
123,7887213
123,7938249
123,7811164
123,7863589
123,7912942
123,7914958
124,7925622
124,7784747
124,8022870
124,7953306
124,7950493
124,7861582
124,8017813
124,7893751
124,7961839
124,7932353
124,7894492
124,7860789
124,7839894
124,7843006
124,7840329
124,7839250
124,7848405
124,7842531
124,7849307
124,7856763
125,7845905
125,7847915
125,7851934
125,7847621
125,7857575
125,7856059
125,7844230
125,7879910
125,7823941
125,7941552
125,7992626
125,7932625
125,7876320
125,7976592
125,7955167
125,7995104
125,7952327
125,7962460
125,7877471
125,7855193
126,7970446
126,8008392
126,7864709
126,7783527
126,7973783
126,7998041
126,7927630
126,7824865
126,7922288
126,7926064
126,7914844
126,7844304
126,8078748
126,7857337
126,7887316
126,7855277
126,8041484
126,7912975
126,7895148
126,7945369
127,8103292
127,7816309
127,7812280
127,7910347
127,8652753
127,7834754
127,7862559
127,7934280
127,7920758
127,7897434
127,7788001
127,7995218
127,7887632
127,7867703
127,7903576
127,7952374
127,7841879
127,7915665
127,7902361
127,8076409
128,7791326
128,7886020
128,7933981
128,8054930
128,7911180
128,7801159
128,7974981
128,7904487
128,7917391
128,7774706
128,7957715
128,7909767
128,7882278
128,7811583
128,7981814
128,7894110
128,7854667
128,7947002
128,8099657
128,7944813
129,7927633
129,8011952
129,8008129
129,7871428
129,7810113
129,7918816
129,8013934
129,7849445
129,7755685
129,8021077
129,7932825
129,7902047
129,7837886
129,7991673
129,7931376
129,7866253
129,7863422
129,7938609
129,7787195
129,7802741
130,7896236
130,7996967
130,7901034
130,7930612
130,8037659
130,7955717
130,7826098
130,7752802
130,8071632
130,7899368
130,7961527
130,7858600
130,8027880
130,7928904
130,7891343
130,7949263
130,7929976
130,7878386
130,7856197
130,7987174
131,8014269
131,7771747
131,7843759
131,7980323
131,7969115
131,7853154
131,7853272
131,8048112
131,8006789
131,7935241
131,7833790
131,8055739
131,7945129
131,7996711
131,8012130
131,8001496
131,7927875
131,7955056
131,8086167
131,8026415
132,7863213
132,7884297
132,8149822
132,7925166
132,7844257
132,7800830
132,7995453
132,7927197
132,7914680
132,7825134
132,7933036
132,7891324
132,7947939
132,7874014
132,7898328
132,7836552
132,7958901
132,7991945
132,7907734
132,7794238
133,7872965
133,8053043
133,7907148
133,7773369
133,7859897
133,7940237
133,7944902
133,7886506
133,7847627
133,8022751
133,7899990
133,7903268
133,7922101
133,7984416
133,7841325
133,7931957
133,7960044
133,7851757
133,7862730
133,7920125
134,8002460
134,7910482
134,7806322
134,7910402
134,7988739
134,7888709
134,7828567
134,7828262
134,8026169
134,7942250
134,7866029
134,7918225
134,7939379
134,7888798
134,7972068
134,7977152
134,7947321
134,7859172
134,7874848
134,7835506
135,7854059
135,7843542
135,7843542
135,7846767
135,7858151
135,7850260
135,7849191
135,7847414
135,7838160
135,7846151
135,7844874
135,7853038
135,7846607
135,7850098
135,7844655
135,7856495
135,7790380
135,7839501
135,8001596
135,7880915
136,7920978
136,7929067
136,8092527
136,7875791
136,7828435
136,7982235
136,8004922
136,7911995
136,7862781
136,7984552
136,7975406
136,7934011
136,7915938
136,7926137
136,7925713
136,7886448
136,7986781
136,7970455
136,7884547
136,7925919
137,7898127
137,7945560
137,7813278
137,7863541
137,7994180
137,8052098
137,7906510
137,7795787
137,7979159
137,7960490
137,8014908
137,7952698
137,7991912
137,7886132
137,7957015
137,7928438
137,8015744
137,7871538
137,7957306
137,7929616
138,8040400
138,7785394
138,7946220
138,8023417
138,8045180
138,7850391
138,7843116
138,8045354
138,7977994
138,7923494
138,7819328
138,7949583
138,7914788
138,7904279
138,7894485
138,7965733
138,7924782
138,7922663
138,7987552
138,8051921
139,7915983
139,7871349
139,7915673
139,8023984
139,7922240
139,7829882
139,7976182
139,7933799
139,7898988
139,7749419
139,7916895
139,7885022
139,7990776
139,7955967
139,7964692
139,7931626
139,7911246
139,7908078
139,8094253
139,7844515
140,7947965
140,7915413
140,8080680
140,7750737
140,7905726
140,7948538
140,7970571
140,7813228
140,7782357
140,8025618
140,7909410
140,7868679
140,7862007
140,7918978
140,8025422
140,7836739
140,7844399
140,7961139
140,7962751
140,7883416
141,8023511
141,8020389
141,7908706
141,7845688
141,8085305
141,7995172
141,7903666
141,7813224
141,8030999
141,7945472
141,7917656
141,7858093
141,7993327
141,7900539
141,7887019
141,7912489
141,7945189
141,7862078
141,7935074
141,7914652
142,7994419
142,7825549
142,7859820
142,8064688
142,7958489
142,7811235
142,7765082
142,8059660
142,7995403
142,7844220
142,7790206
142,8007018
142,7931983
142,7897407
142,7944437
142,8004427
142,7934183
142,7873291
142,8019386
142,7928126
143,7759935
143,7890372
143,8047204
143,7943635
143,7874062
143,7925330
143,8021452
143,7985009
143,7926184
143,7819477
143,7951212
143,7900089
143,7926896
143,7901894
143,7909148
143,7838448
143,7866203
143,8014368
143,7904961
143,7776826
144,7850218
144,8058811
144,7965132
144,7789878
144,7820873
144,8036203
144,7939427
144,7846031
144,7839959
144,7994300
144,7906383
144,7905936
144,7858001
144,8019924
144,7954343
144,7956399
144,8001864
144,7935209
144,7831811
144,7821670
145,8078216
145,7912351
145,7815199
145,7821582
145,7916686
145,7903839
145,7848984
145,7841620
145,7837812
145,7847548
145,7855627
145,7844889
145,7855886
145,7840070
145,7855686
145,7858078
145,7854975
145,7846742
145,7837895
145,7851305
146,7856452
146,7844402
146,7848235
146,7837700
146,7912288
146,7937229
146,7910048
146,7946333
146,7968215
146,7796083
146,7939398
146,7937350
146,7969448
146,7893844
146,7873690
146,7940788
146,7966213
146,7928878
146,8030792
146,7865327
147,7914202
147,7952341
147,8010680
147,7864996
147,7857217
147,8037158
147,8041011
147,7906796
147,7908625
147,7929320
147,7986580
147,7926127
147,7893547
147,7886965
147,7923180
147,7923550
147,7922965
147,7917298
147,7848631
147,7836643
148,7852387
148,7871457
148,7895524
148,7947289
148,7994096
148,8044450
148,7865260
148,7790130
148,8025358
148,8023419
148,7958641
148,7819431
148,7983219
148,8055085
148,8083552
148,7901472
148,8064151
148,7931217
148,7949093
148,7909720
149,8045383
149,7870120
149,7887798
149,7931893
149,8093514
149,7856621
149,7791787
149,7995551
149,8049752
149,7919851
149,7836715
149,7953458
149,7917132
149,7937500
149,7935734
149,7955713
149,7923475
149,7869167
149,7976471
149,7979020
150,7847049
150,7846878
150,7957862
150,8049613
150,7862927
150,7824034
150,7893117
150,8011247
150,7911644
150,7790191
150,7991338
150,7883262
150,8023543
150,7816906
150,8024533
150,7868418
150,7947289
150,7889251
150,8000760
150,7827564
151,7932524
151,7972501
151,8018452
151,7789375
151,7827627
151,7952807
151,8000598
151,7847742
151,7813373
151,7980833
151,7908488
151,7845608
151,7820926
151,7960943
151,8021081
151,7931112
151,7882374
151,7964426
151,7846412
151,7855141
152,7897182
152,7982838
152,7790350
152,7879876
152,7837089
152,7977071
152,7854582
152,7797586
152,7981235
152,7903251
152,7881997
152,7813556
152,8032708
152,7883958
152,7909006
152,8025368
152,7954788
152,7921295
152,7836237
152,7907873
153,8002549
153,7819660
153,7830786
153,7917277
153,7993706
153,7807686
153,7783946
153,8051392
153,7868441
153,7780366
153,7834960
153,8053375
153,7897018
153,7834624
153,7930662
153,7977965
153,7848010
153,7889044
153,7920411
153,7961138
154,7815377
154,7829129
154,7982614
154,7996022
154,7973472
154,7874388
154,7954579
154,7944464
154,7830204
154,7843581
154,8031506
154,7895239
154,7880385
154,7806180
154,8009400
154,7938729
154,7852465
154,7855234
154,7985918
154,7886527
155,7922829
155,7927183
155,7893566
155,7876467
155,7895946
155,8068870
155,7946873
155,7904560
155,7916784
155,8038872
155,7888002
155,7861837
155,7778032
155,7872137
155,7844097
155,7835887
155,7834936
155,7863583
155,7848095
155,7842534
156,7850195
156,7857465
156,7848436
156,7850585
156,7854868
156,7851690
156,7849188
156,7853816
156,7852967
156,7858251
156,7829681
156,7835199
156,7968949
156,7955306
156,7827086
156,7924737
156,7945255
156,7902910
156,7909892
156,7806366
157,8005328
157,7934261
157,7971969
157,7912158
157,7853329
157,7903835
157,7812245
157,7902685
157,7975690
157,7886616
157,7839758
157,7949606
157,7962733
157,7855615
157,7879990
157,8007697
157,7904450
157,7842189
157,7799296
157,7972629
158,7901802
158,7926467
158,7920615
158,7943705
158,7892835
158,7881350
158,7948820
158,7875366
158,7842498
158,7838297
158,7960824
158,7875298
158,7932763
158,7896066
158,7978514
158,7947795
158,7895369
158,7850586
158,8011858
158,7889523
159,7974896
159,7888525
159,7798342
159,7898663
159,7896932
159,7969427
159,7847061
159,7914850
159,7911387
159,7969953
159,7897516
159,7889881
159,7918835
159,7949440
159,8006915
159,7856115
159,7933989
159,8032375
159,7935421
159,7846777
160,7886603
160,8084847
160,7918540
160,7862408
160,7993750
160,7957512
160,7905561
160,7874170
160,8002932
160,7898487
160,7899197
160,7923015
160,8055682
160,7964766
160,7778857
160,7877983
160,7973010
160,7939412
160,7783592
160,7874914
161,7875480
161,7906394
161,7884439
161,7993728
161,7862456
161,7920335
161,7973252
161,8064339
161,7745826
161,7916921
161,7946629
161,8082550
161,7847631
161,7832917
161,7928130
161,7979811
161,7958630
161,7791607
161,7976514
161,7901660
162,7913779
162,7824666
162,8004110
162,7961551
162,7936153
162,7998280
162,7992412
162,7871015
162,7891008
162,7958312
162,8063792
162,7812555
162,7834777
162,7928579
162,7936038
162,7888291
162,7808473
162,7993205
162,7896225
162,7923317
163,7899448
163,7993171
163,7928803
163,7878543
163,7931586
163,7935748
163,7847170
163,7867834
163,7881783
163,8025317
163,7809039
163,7904066
163,7905035
163,7987134
163,7979388
163,7795954
163,7984005
163,7867581
163,7871883
163,7796065
164,8001588
164,7963615
164,7848684
164,7800282
164,7908630
164,7892679
164,7809876
164,7946295
164,8058223
164,7860599
164,7907262
164,7906605
164,7968107
164,7802991
164,7791968
164,7980444
164,7915617
164,7835974
164,7853258
164,8098665
165,7952884
165,7867996
165,7845352
165,8023290
165,7881394
165,7881351
165,7949843
165,7942555
165,7889863
165,7880800
165,7971689
165,7944845
165,7887540
165,7815679
165,8031864
165,7925766
165,7883408
165,7772596
165,7988172
165,7898789
166,7952889
166,7842009
166,7842357
166,7841076
166,7846953
166,7846019
166,7855156
166,7913521
166,7851047
166,7853619
166,7830383
166,7852032
166,7850080
166,7850394
166,7861577
166,7855800
166,7851525
166,7841112
166,7865969
166,7872416
167,7861711
167,8015742
167,7929934
167,7947362
167,7856061
167,7952047
167,7930904
167,7990039
167,7928432
167,7970755
167,7886938
167,7895053
167,8027158
167,7952441
167,7852467
167,7870473
167,8029133
167,7966386
167,7862144
167,7808675
168,8041309
168,7872382
168,7904009
168,7895487
168,8003077
168,7883414
168,7974093
168,7919911
168,7937791
168,7885177
168,7926326
168,8021414
168,7849555
168,7831841
168,7984661
168,8033618
168,7927650
168,7838774
168,7882567
168,7960414
169,7935126
169,7885243
169,7829356
169,7882450
169,7928995
169,7873560
169,7925231
169,7826044
169,7944326
169,7890292
169,7987505
169,7795810
169,7887062
169,7912503
169,7989965
169,7960863
169,7868409
169,7912787
169,7966665
169,7949174
170,8044131
170,7882371
170,7957865
170,7912291
170,7975177
170,7913974
170,7913555
170,7910255
170,7923298
170,7954783
170,7859194
170,7924317
170,7963082
170,7937621
170,7816391
170,7853563
170,7880428
170,8050734
170,7871401
170,7769963
171,7848515
171,7989450
171,7904256
171,7900167
171,7848247
171,7975043
171,7926914
171,7815187
171,7927263
171,7898318
171,7904422
171,7924716
171,7951357
171,7960508
171,7920695
171,7902517
171,8022111
171,7899474
171,7883015
171,7928425
172,7939863
172,7947247
172,7821760
172,7965434
172,7906596
172,7931207
172,7891390
172,7949354
172,7827053
172,7914495
172,7900921
172,8002990
172,7861158
172,7961159
172,7950026
172,8009302
172,7899236
172,7919126
172,7921995
172,7892461
173,7833623
173,7811378
173,7962947
173,8084132
173,7941185
173,7796936
173,8025724
173,7910405
173,7865097
173,7860706
173,7907325
173,7916370
173,7858400
173,7889789
173,7985956
173,7828090
173,7861936
173,7832226
173,7913298
173,7925026
174,7779966
174,7849724
174,8007270
174,8377168
174,7757595
174,7908925
174,7898424
174,7968774
174,7828639
174,7925516
174,7867229
174,7916938
174,7911146
174,8043974
174,7812398
174,7834639
174,7982341
174,7968374
174,7749207
174,7839731
175,7992783
175,7941689
175,7847135
175,7753190
175,7993112
175,7906787
175,7882397
175,7765528
175,7953265
175,7935060
175,7889970
175,7810305
175,8045040
175,7932738
175,7929811
175,7989720
175,7997813
175,7857043
175,7817429
175,7964235
176,8038673
176,7956104
176,7753545
176,8038837
176,7927749
176,7843658
176,7932376
176,8001038
176,7868732
176,7849500
176,7840365
176,7852562
176,7846764
176,7850940
176,7848892
176,7842403
176,7852691
176,7849306
176,7863420
176,7845286
177,7852226
177,7849736
177,7863669
177,7839615
177,7843442
177,7841291
177,7997477
177,7920829
177,7901924
177,7784019
177,7996496
177,7899310
177,7935923
177,7956652
177,7914760
177,7819226
177,7904448
177,7986574
177,7858674
177,7851696
178,7860735
178,8064156
178,7916538
178,7775274
178,7911216
178,8041548
178,7983755
178,7874396
178,7791846
178,8043880
178,7893680
178,7873727
178,7794844
178,7952004
178,7930108
178,7910923
178,7858173
178,7928624
178,7854036
178,7848746
179,8099006
179,7913148
179,7819843
179,7821357
179,7986078
179,7905204
179,7845745
179,7869978
179,7960085
179,8051436
179,7989407
179,7826282
179,7854799
179,7943381
179,7844236
179,7856146
179,7842593
179,7835721
179,7871589
179,7955636
180,7868644
180,7853480
180,7958792
180,8010680
180,7874508
180,7895527
180,7853302
180,7950096
180,7922456
180,7897054
180,7912006
180,7860819
180,7951859
180,7966986
180,7940000
180,7859447
180,7923111
180,7914874
180,8072160
180,7839028
181,7878213
181,7860843
181,7947850
181,8015541
181,7926745
181,7861892
181,7904302
181,7930239
181,7833286
181,7868933
181,7962837
181,7882563
181,7899005
181,7835876
181,7903860
181,7866602
181,7937299
181,7949746
181,7862457
181,7911025
182,7879419
182,8045722
182,7870671
182,7873221
182,7898622
182,7965364
182,7920700
182,7845257
182,7876192
182,7988846
182,7938218
182,7831835
182,7931101
182,7926512
182,8003593
182,7837305
182,8034429
182,7817099
182,7912135
182,7880416
183,7998684
183,7843541
183,7888327
183,7921413
183,8032813
183,7886323
183,7944741
183,7880138
183,8014042
183,7883621
183,7918950
183,7929531
183,7932258
183,7958728
183,7851598
183,8003570
183,7848450
183,7916190
183,7984867
183,7985596
184,7824854
184,7903552
184,7944403
184,8017326
184,7940043
184,7847363
184,7932231
184,8046817
184,7888408
184,7772069
184,7939674
184,7904165
184,7894878
184,7813819
184,8007315
184,7939009
184,7864024
184,7824581
184,7869508
184,7989565
185,7888768
185,7905185
185,7997784
185,7859078
185,7842840
185,7909257
185,8031193
185,7806744
185,7730334
185,7869575
185,8003136
185,7905922
185,7790771
185,7936242
185,7852043
185,7913917
185,7973687
185,7925410
185,7918277
185,7815420
186,7884222
186,7919754
186,7880730
186,7838862
186,7875338
186,8009155
186,7818764
186,7768911
186,7981599
186,7953149
186,7856168
186,7715000
186,8081420
186,7903559
186,7952574
186,7866807
186,7851545
186,7857849
186,7848498
186,7848864
187,7855283
187,7853842
187,7846445
187,7852063
187,7855391
187,7841565
187,7853350
187,7853091
187,7851178
187,7863617
187,7844952
187,7864954
187,7869099
187,7952772
187,7843447
187,8053125
187,7956717
187,7906600
187,7805835
187,7935295
188,7877067
188,7923875
188,7898293
188,7973115
188,7825415
188,7839270
188,7912304
188,7969666
188,7783920
188,7849397
188,7961044
188,7878209
188,7758831
188,7782426
188,8024516
188,7862353
188,7943106
188,7717277
188,8006957
188,7889127
189,7945836
189,7855693
189,7934498
189,7838153
189,7984544
189,7931335
189,7931331
189,7811436
189,7867274
189,7944664
189,7967287
189,7744867
189,7885537
189,8044677
189,8027314
189,7884840
189,7798920
189,7962002
189,7995428
189,7913545
190,7826690
190,7954865
190,7894645
190,7951093
190,7901383
190,7919005
190,7898527
190,7889361
190,7972575
190,7845355
190,7761407
190,7868992
190,8012824
190,7993683
190,7939664
190,7828271
190,7910884
190,7951111
190,7909570
190,7851632
191,7994135
191,7893315
191,7992180
191,7819015
191,7785811
191,7879916
191,7945283
191,7959588
191,7781088
191,7838190
191,7955639
191,7973003
191,7911112
191,7867891
191,7834781
191,7914609
191,7943915
191,7835532
191,7904954
191,7939792
192,7947790
192,7897606
192,7811971
192,7960232
192,7993165
192,7882754
192,7909095
192,7815640
192,7856779
192,7851419
192,8039637
192,7859122
192,7864262
192,7847384
192,7968373
192,7883737
192,7864250
192,7957500
192,8104496
192,7965993
193,7863659
193,7783532
193,7929927
193,7928543
193,7854355
193,7865465
193,7902873
193,7948282
193,7947350
193,7984145
193,7840931
193,7877949
193,7910021
193,7995613
193,7892133
193,7794964
193,7997105
193,7978716
193,7894294
193,7832782
194,7940635
194,7984947
194,7986319
194,7827584
194,7926325
194,7908352
194,7946500
194,7854722
194,7991800
194,7917383
194,7921408
194,7889388
194,7965317
194,7884866
194,7985692
194,7933465
194,8074842
194,7920550
194,7938114
194,7995678
195,8007583
195,7879928
195,7785582
195,7932514
195,7944287
195,7920069
195,7902689
195,7995499
195,7833962
195,7857275
195,8006256
195,7965550
195,7883626
195,7865875
195,8021674
195,8066207
195,7894456
195,7823636
195,7937736
195,7946886
196,7856322
196,7794709
196,7911640
196,7915172
196,7991527
196,7841876
196,7916222
196,7908936
196,7909567
196,7940790
196,7970030
196,7956355
196,7952968
196,7914545
196,7982446
196,7765909
196,7786364
196,8025344
196,8023433
196,7974730
197,7943762
197,8037785
197,7884631
197,7850230
197,7856337
197,7845806
197,7852478
197,7842270
197,7864490
197,7849613
197,7847603
197,7847715
197,7860341
197,7857930
197,7847694
197,7837555
197,7856124
197,7844045
197,7848878
197,7905204
198,8024849
198,7962187
198,7853876
198,7747421
198,8029290
198,8031552
198,7909481
198,7871434
198,7946298
198,8040954
198,8001169
198,7926445
198,7948910
198,7793265
198,7888578
198,8018364
198,7959787
198,7836333
198,7782459
198,8094594
199,7956750
199,7837979
199,7826525
199,8000200
199,7958941
199,8042442
199,7894640
199,7880288
199,7934050
199,7938717
199,7957007
199,7920550
199,7794174
199,7948043
199,8012684
199,8019395
199,7795798
199,7871836
199,8035117
199,7954305
200,7870375
200,7769518
200,7984201
200,8025772
200,7919398
200,7827546
200,7942779
200,7956153
200,7995015
200,7889647
200,7959999
200,7857316
200,7904310
200,7972189
200,7905210
200,7899148
200,7848820
200,8130214
200,7960033
200,7837133
201,7845687
201,8024773
201,7993650
201,7955153
201,7801060
201,7981209
201,7884038
201,7977178
201,7918402
201,7892535
201,7836392
201,7924294
201,8029720
201,8062097
201,7909174
201,7864976
201,8048587
201,7929356
201,7892237
201,7876281
202,7938853
202,7923089
202,7999402
202,7901504
202,7894960
202,7898361
202,8012940
202,7939377
202,7843290
202,7888183
202,7935584
202,8039866
202,7885771
202,7760295
202,7914304
202,8012946
202,7984671
202,7832451
202,7835695
202,7964715
203,7969156
203,7895866
203,7828358
203,7957889
203,7886598
203,7941889
203,7818912
203,7850825
203,7875467
203,7913447
203,7958429
203,7861188
203,7852679
203,7871135
203,7928101
203,7896022
203,7794427
203,7900851
203,7929584
203,7944977
204,7850723
204,7822019
204,7985450
204,8013079
204,7903098
204,7960493
204,7871498
204,7953205
204,7896540
204,7969599
204,7804058
204,7943514
204,7913254
204,8003760
204,7935530
204,7977036
204,8015790
204,7965567
204,7944669
204,7892770
