alpha,k,time
1,1,61816
1,2,41148
1,3,36249
1,4,35077
1,5,34875
1,6,34184
1,7,34593
1,8,34073
1,9,33847
1,10,33865
1,11,33719
1,12,33669
1,13,33702
1,14,33654
1,15,33611
1,16,33647
1,17,33662
1,18,37486
1,19,38078
1,20,33992
1,21,33784
1,22,42785
1,23,34132
1,24,33806
1,25,49631
1,26,33728
1,27,33667
1,28,33631
1,29,33672
1,30,33640
1,31,33687
1,32,33716
1,33,33783
1,34,33718
1,35,33694
1,36,33625
1,37,33526
1,38,39630
1,39,33581
1,40,33649
1,41,40927
1,42,38018
1,43,36070
1,44,43416
1,45,36253
1,46,35678
1,47,35639
1,48,35647
1,49,35607
1,50,35456
1,51,35579
1,52,35678
1,53,35579
1,54,35545
1,55,35512
1,56,35283
1,57,35463
1,58,35385
1,59,39707
1,60,35338
1,61,43102
1,62,33817
1,63,33615
1,64,39108
1,65,33718
1,66,33462
1,67,33414
1,68,33484
1,69,33553
1,70,33554
1,71,33520
1,72,33508
1,73,33476
1,74,33528
1,75,33418
1,76,33416
1,77,33457
1,78,33438
1,79,33563
1,80,33495
1,81,33487
1,82,33464
1,83,44522
1,84,33898
1,85,33651
1,86,43431
1,87,33853
1,88,33652
1,89,33621
1,90,33684
1,91,33689
1,92,33634
1,93,33657
1,94,33527
1,95,33470
1,96,33519
1,97,33544
1,98,33558
1,99,33480
1,100,33589
1,101,33604
1,102,33579
1,103,33550
1,104,33576
1,105,33521
1,106,45577
1,107,36683
1,108,35844
1,109,42533
1,110,35972
1,111,35674
1,112,35702
1,113,35596
1,114,35695
1,115,35747
1,116,35595
1,117,35680
1,118,35631
1,119,35593
1,120,51152
1,121,38235
1,122,35615
1,123,35560
1,124,35549
1,125,35624
1,126,46194
1,127,38404
1,128,33467
1,129,40904
1,130,36107
1,131,33411
1,132,33406
1,133,33387
1,134,33428
1,135,33391
1,136,33498
1,137,33461
1,138,33471
1,139,33448
1,140,33433
1,141,33401
1,142,33451
1,143,33517
1,144,33389
1,145,33451
1,146,33433
1,147,37316
1,148,33801
1,149,33469
1,150,36159
1,151,43238
1,152,35876
1,153,33625
1,154,33495
1,155,33536
1,156,33561
1,157,33638
1,158,33581
1,159,33535
1,160,33602
1,161,33466
1,162,33515
1,163,33582
1,164,33524
1,165,33573
1,166,33490
1,167,37988
1,168,35997
1,169,33617
1,170,38561
1,171,40008
1,172,33464
1,173,33117
1,174,33394
1,175,33444
1,176,33437
1,177,33498
1,178,33467
1,179,33503
1,180,33380
1,181,33566
1,182,33535
1,183,33574
1,184,33502
1,185,33500
1,186,33532
1,187,33417
1,188,33467
1,189,33562
1,190,33503
1,191,42347
1,192,33447
1,193,33425
1,194,33445
1,195,33449
1,196,33453
1,197,33542
1,198,33435
1,199,33478
1,200,33448
1,201,33486
1,202,33448
1,203,33445
21,1,128394
21,2,89895
21,3,86156
21,4,85123
21,5,84473
21,6,84471
21,7,84167
21,8,97166
21,9,84997
21,10,83970
21,11,83991
21,12,83812
21,13,83915
21,14,83842
21,15,83762
21,16,83758
21,17,83783
21,18,83769
21,19,83771
21,20,83819
21,21,83846
21,22,83741
21,23,83814
21,24,83776
21,25,83917
21,26,83736
21,27,83763
21,28,83763
21,29,83766
21,30,83802
21,31,83686
21,32,83936
21,33,83709
21,34,83894
21,35,83793
21,36,83798
21,37,83762
21,38,83825
21,39,83799
21,40,83879
21,41,83596
21,42,83872
21,43,83811
21,44,83910
21,45,83836
21,46,83913
21,47,83875
21,48,83830
21,49,83908
21,50,83788
21,51,99157
21,52,122996
21,53,85142
21,54,83999
21,55,84064
21,56,83904
21,57,83855
21,58,83670
21,59,83772
21,60,83770
21,61,83754
21,62,83884
21,63,83830
21,64,83855
21,65,83769
21,66,83888
21,67,83760
21,68,83881
21,69,83817
21,70,83924
21,71,83784
21,72,83760
21,73,83775
21,74,83909
21,75,96634
21,76,102156
21,77,88472
21,78,88308
21,79,88158
21,80,88453
21,81,88054
21,82,88156
21,83,90665
21,84,96233
21,85,100154
21,86,84563
21,87,83974
21,88,86325
21,89,85884
21,90,83933
21,91,83785
21,92,94258
21,93,98624
21,94,100698
21,95,89101
21,96,88674
21,97,88999
21,98,88249
21,99,88487
21,100,104676
21,101,100941
21,102,84481
21,103,83894
21,104,83991
21,105,83726
21,106,83849
21,107,83725
21,108,97674
21,109,97828
21,110,84445
21,111,83908
21,112,83780
21,113,83876
21,114,83747
21,115,83853
21,116,83801
21,117,93106
21,118,105435
21,119,84693
21,120,83931
21,121,83891
21,122,83861
21,123,83940
21,124,83810
21,125,83974
21,126,99377
21,127,100405
21,128,88778
21,129,88552
21,130,88841
21,131,88609
21,132,88565
21,133,105853
21,134,99992
21,135,106622
21,136,89005
21,137,88788
21,138,88726
21,139,88443
21,140,95655
21,141,92667
21,142,112410
21,143,88645
21,144,89434
21,145,88872
21,146,88591
21,147,88579
21,148,101119
21,149,94565
21,150,84533
21,151,83898
21,152,83937
21,153,83855
21,154,84041
21,155,98333
21,156,94407
21,157,84470
21,158,83896
21,159,84055
21,160,83978
21,161,83990
21,162,93884
21,163,101925
21,164,88975
21,165,88452
21,166,88554
21,167,88618
21,168,89889
21,169,101004
21,170,94348
21,171,84345
21,172,84029
21,173,83903
21,174,84009
21,175,97118
21,176,85239
21,177,96922
21,178,92920
21,179,94636
21,180,92772
21,181,90505
21,182,90417
21,183,90309
21,184,92366
21,185,93118
21,186,97145
21,187,84592
21,188,84136
21,189,83997
21,190,86801
21,191,86272
21,192,94582
21,193,95265
21,194,84360
21,195,84099
21,196,84055
21,197,83975
21,198,92125
21,199,96878
21,200,101801
21,201,84328
21,202,83999
21,203,84023
41,1,321978
41,2,140509
41,3,136671
41,4,135199
41,5,134930
41,6,134436
41,7,147825
41,8,134931
41,9,134448
41,10,134114
41,11,134042
41,12,133883
41,13,153413
41,14,134290
41,15,134535
41,16,134144
41,17,134056
41,18,142848
41,19,134140
41,20,134551
41,21,133905
41,22,137698
41,23,148605
41,24,134563
41,25,140685
41,26,134531
41,27,134067
41,28,158582
41,29,143791
41,30,134113
41,31,133987
41,32,134007
41,33,133928
41,34,146188
41,35,133901
41,36,133911
41,37,133672
41,38,134043
41,39,133615
41,40,146209
41,41,134011
41,42,133880
41,43,133707
41,44,133878
41,45,133872
41,46,145106
41,47,133980
41,48,133918
41,49,133667
41,50,133886
41,51,144795
41,52,150368
41,53,138954
41,54,138472
41,55,152982
41,56,141340
41,57,159758
41,58,134842
41,59,133891
41,60,133910
41,61,133984
41,62,133744
41,63,146283
41,64,145018
41,65,134188
41,66,133882
41,67,133853
41,68,133994
41,69,133811
41,70,146851
41,71,134077
41,72,133953
41,73,133928
41,74,133735
41,75,133960
41,76,148518
41,77,134352
41,78,134002
41,79,133804
41,80,134124
41,81,133623
41,82,147136
41,83,146494
41,84,134789
41,85,133993
41,86,133805
41,87,133804
41,88,149957
41,89,133960
41,90,133954
41,91,133682
41,92,136539
41,93,145358
41,94,135753
41,95,134156
41,96,133752
41,97,133981
41,98,145798
41,99,134769
41,100,133905
41,101,133943
41,102,133857
41,103,145160
41,104,134226
41,105,133925
41,106,134664
41,107,133765
41,108,142653
41,109,134715
41,110,146187
41,111,137803
41,112,140484
41,113,156838
41,114,138516
41,115,138744
41,116,138777
41,117,153997
41,118,150521
41,119,145412
41,120,138764
41,121,138779
41,122,150995
41,123,152445
41,124,138947
41,125,138648
41,126,138652
41,127,152046
41,128,157390
41,129,138614
41,130,138478
41,131,138529
41,132,149669
41,133,163112
41,134,138693
41,135,138558
41,136,151381
41,137,147156
41,138,150571
41,139,134830
41,140,134142
41,141,134185
41,142,133806
41,143,142797
41,144,151465
41,145,134434
41,146,134157
41,147,134014
41,148,137706
41,149,143273
41,150,134974
41,151,134048
41,152,134088
41,153,134115
41,154,144406
41,155,136635
41,156,134703
41,157,133966
41,158,134081
41,159,153917
41,160,134967
41,161,136623
41,162,134409
41,163,145727
41,164,144825
41,165,134401
41,166,134114
41,167,134022
41,168,133939
41,169,145178
41,170,135005
41,171,133994
41,172,134089
41,173,140318
41,174,136007
41,175,133959
41,176,134687
41,177,143653
41,178,148875
41,179,139277
41,180,139081
41,181,139149
41,182,158749
41,183,146513
41,184,134605
41,185,134131
41,186,134536
41,187,142312
41,188,151944
41,189,135090
41,190,146525
41,191,135404
41,192,145480
41,193,149901
41,194,139370
41,195,139246
41,196,139533
41,197,147900
41,198,148896
41,199,134739
41,200,134625
41,201,143676
41,202,151435
41,203,139384
61,1,384713
61,2,189143
61,3,186057
61,4,193735
61,5,218015
61,6,184726
61,7,184574
61,8,191396
61,9,202999
61,10,188293
61,11,188416
61,12,212715
61,13,201725
61,14,183723
61,15,183415
61,16,183503
61,17,197975
61,18,183711
61,19,183406
61,20,183210
61,21,201175
61,22,183833
61,23,183502
61,24,183410
61,25,211594
61,26,183889
61,27,186302
61,28,183328
61,29,198794
61,30,183569
61,31,185851
61,32,183477
61,33,195671
61,34,186901
61,35,183369
61,36,183392
61,37,198992
61,38,183554
61,39,183251
61,40,183203
61,41,198275
61,42,183673
61,43,183308
61,44,183390
61,45,207754
61,46,184175
61,47,183549
61,48,183328
61,49,193677
61,50,183490
61,51,183206
61,52,192115
61,53,202842
61,54,183442
61,55,183553
61,56,190392
61,57,200634
61,58,183461
61,59,183382
61,60,183107
61,61,197236
61,62,183321
61,63,183279
61,64,183258
61,65,211589
61,66,183622
61,67,183424
61,68,185992
61,69,199786
61,70,183916
61,71,183437
61,72,189256
61,73,201356
61,74,183338
61,75,183535
61,76,190637
61,77,190050
61,78,185971
61,79,183445
61,80,183316
61,81,198295
61,82,186064
61,83,183521
61,84,189329
61,85,209537
61,86,184026
61,87,183403
61,88,183309
61,89,201188
61,90,183294
61,91,183307
61,92,186905
61,93,195581
61,94,183528
61,95,183422
61,96,188902
61,97,195302
61,98,183490
61,99,183316
61,100,196357
61,101,199823
61,102,188381
61,103,187808
61,104,198873
61,105,212845
61,106,184440
61,107,183675
61,108,194445
61,109,205837
61,110,188108
61,111,187685
61,112,211709
61,113,192059
61,114,188071
61,115,187791
61,116,197979
61,117,204714
61,118,188167
61,119,188005
61,120,213294
61,121,184278
61,122,183439
61,123,183492
61,124,192514
61,125,211839
61,126,183993
61,127,183669
61,128,186169
61,129,203411
61,130,183686
61,131,185548
61,132,195736
61,133,190275
61,134,183558
61,135,183517
61,136,188968
61,137,195851
61,138,183632
61,139,183556
61,140,192989
61,141,188430
61,142,187620
61,143,183327
61,144,192662
61,145,201578
61,146,183823
61,147,183433
61,148,189452
61,149,195261
61,150,189327
61,151,183257
61,152,199670
61,153,183869
61,154,183451
61,155,183323
61,156,189306
61,157,197031
61,158,183785
61,159,183458
61,160,199606
61,161,183842
61,162,188443
61,163,183505
61,164,189357
61,165,190275
61,166,184566
61,167,199370
61,168,192260
61,169,183571
61,170,183496
61,171,219991
61,172,188434
61,173,187339
61,174,187737
61,175,214745
61,176,188091
61,177,187677
61,178,187440
61,179,216451
61,180,188501
61,181,187672
61,182,189367
61,183,213884
61,184,188396
61,185,206399
61,186,188244
61,187,216310
61,188,188669
61,189,188356
61,190,188327
61,191,205622
61,192,188441
61,193,197658
61,194,205047
61,195,188011
61,196,200161
61,197,201309
61,198,188130
61,199,188064
61,200,209880
61,201,184105
61,202,197197
61,203,208927
81,1,494012
81,2,237581
81,3,255464
81,4,239733
81,5,238411
81,6,246327
81,7,247371
81,8,237497
81,9,251583
81,10,256318
81,11,233698
81,12,270728
81,13,240154
81,14,233140
81,15,246631
81,16,243374
81,17,248878
81,18,247381
81,19,233239
81,20,257021
81,21,243380
81,22,236801
81,23,254519
81,24,239202
81,25,237711
81,26,266441
81,27,242605
81,28,239977
81,29,247280
81,30,232807
81,31,258022
81,32,233162
81,33,233046
81,34,232857
81,35,245837
81,36,232986
81,37,245449
81,38,232781
81,39,247379
81,40,237452
81,41,236969
81,42,260979
81,43,246865
81,44,232730
81,45,258745
81,46,236642
81,47,252697
81,48,233430
81,49,239741
81,50,246423
81,51,232888
81,52,243112
81,53,232927
81,54,232867
81,55,238669
81,56,239049
81,57,233239
81,58,256093
81,59,241890
81,60,245630
81,61,248138
81,62,236500
81,63,261056
81,64,237717
81,65,236379
81,66,257968
81,67,238665
81,68,256002
81,69,237262
81,70,250248
81,71,238259
81,72,237071
81,73,271063
81,74,237940
81,75,244964
81,76,240800
81,77,255799
81,78,239649
81,79,233257
81,80,256272
81,81,232980
81,82,232945
81,83,248225
81,84,233068
81,85,232780
81,86,238555
81,87,238930
81,88,232702
81,89,255484
81,90,233162
81,91,232810
81,92,238768
81,93,233871
81,94,238515
81,95,243204
81,96,232910
81,97,232825
81,98,251224
81,99,236639
81,100,254348
81,101,233032
81,102,232831
81,103,250876
81,104,251843
81,105,251318
81,106,261277
81,107,234785
81,108,232826
81,109,259247
81,110,232967
81,111,233258
81,112,249549
81,113,233216
81,114,233169
81,115,244150
81,116,232857
81,117,233057
81,118,243515
81,119,233073
81,120,233145
81,121,257194
81,122,233415
81,123,232805
81,124,232709
81,125,241790
81,126,232961
81,127,232841
81,128,244466
81,129,233139
81,130,246357
81,131,233213
81,132,233109
81,133,245460
81,134,249079
81,135,236995
81,136,247581
81,137,262570
81,138,238745
81,139,247388
81,140,244960
81,141,232922
81,142,240347
81,143,249656
81,144,242828
81,145,246728
81,146,236295
81,147,258306
81,148,237691
81,149,236974
81,150,250991
81,151,239746
81,152,241570
81,153,261394
81,154,233216
81,155,259233
81,156,233003
81,157,238265
81,158,242150
81,159,245688
81,160,233198
81,161,244567
81,162,233319
81,163,246171
81,164,232996
81,165,232849
81,166,232838
81,167,248506
81,168,236737
81,169,255313
81,170,244058
81,171,232990
81,172,232873
81,173,243395
81,174,233154
81,175,242377
81,176,233031
81,177,237742
81,178,236519
81,179,232971
81,180,245188
81,181,232751
81,182,244794
81,183,242520
81,184,233196
81,185,247032
81,186,240033
81,187,232919
81,188,240107
81,189,245347
81,190,233092
81,191,243031
81,192,232997
81,193,234303
81,194,239849
81,195,236155
81,196,233203
81,197,244780
81,198,233106
81,199,239055
81,200,239378
81,201,233210
81,202,239623
81,203,238935
101,1,495253
101,2,286565
101,3,296449
101,4,285656
101,5,282809
101,6,300029
101,7,282201
101,8,282183
101,9,294929
101,10,282091
101,11,292767
101,12,281789
101,13,287993
101,14,284862
101,15,295470
101,16,291026
101,17,283690
101,18,282105
101,19,297335
101,20,281915
101,21,281885
101,22,298124
101,23,281852
101,24,281756
101,25,293495
101,26,281556
101,27,292462
101,28,308573
101,29,281722
101,30,299297
101,31,281656
101,32,284284
101,33,293914
101,34,281787
101,35,292025
101,36,281704
101,37,282078
101,38,298336
101,39,281862
101,40,281765
101,41,301603
101,42,292429
101,43,281852
101,44,292288
101,45,281597
101,46,281972
101,47,291953
101,48,281728
101,49,299716
101,50,281957
101,51,284604
101,52,291462
101,53,281854
101,54,291394
101,55,297130
101,56,300670
101,57,281760
101,58,314397
101,59,282278
101,60,281986
101,61,292930
101,62,282008
101,63,292551
101,64,281712
101,65,289895
101,66,284258
101,67,291720
101,68,304289
101,69,292651
101,70,281980
101,71,295077
101,72,282073
101,73,292927
101,74,281846
101,75,293520
101,76,282130
101,77,281946
101,78,295257
101,79,282137
101,80,301286
101,81,285217
101,82,300514
101,83,281661
101,84,292805
101,85,282027
101,86,292970
101,87,281919
101,88,292994
101,89,281909
101,90,294473
101,91,281677
101,92,282142
101,93,293589
101,94,281638
101,95,305487
101,96,281895
101,97,302817
101,98,282121
101,99,281909
101,100,304161
101,101,282104
101,102,301767
101,103,282038
101,104,292834
101,105,284349
101,106,297909
101,107,281920
101,108,292430
101,109,295558
101,110,292288
101,111,285621
101,112,281826
101,113,294734
101,114,281843
101,115,294250
101,116,285156
101,117,314431
101,118,282047
101,119,281805
101,120,311125
101,121,281900
101,122,293896
101,123,307851
101,124,282056
101,125,301519
101,126,281876
101,127,293341
101,128,281975
101,129,293958
101,130,281838
101,131,290576
101,132,281929
101,133,296437
101,134,281932
101,135,306816
101,136,281953
101,137,293556
101,138,287513
101,139,291332
101,140,282155
101,141,300544
101,142,282043
101,143,292706
101,144,281730
101,145,293505
101,146,281907
101,147,282211
101,148,291653
101,149,292034
101,150,293536
101,151,282100
101,152,293867
101,153,281785
101,154,292636
101,155,282113
101,156,293709
101,157,281786
101,158,290158
101,159,282048
101,160,293239
101,161,281940
101,162,301621
101,163,281957
101,164,294099
101,165,282150
101,166,291036
101,167,290067
101,168,293838
101,169,281857
101,170,290926
101,171,282017
101,172,293391
101,173,290457
101,174,288560
101,175,292630
101,176,294999
101,177,291990
101,178,281703
101,179,282064
101,180,293757
101,181,282039
101,182,296440
101,183,292617
101,184,282260
101,185,281902
101,186,294317
101,187,294272
101,188,281834
101,189,301252
101,190,281971
101,191,294282
101,192,281947
101,193,291114
101,194,282095
101,195,291929
101,196,282178
101,197,294202
101,198,281997
101,199,294505
101,200,287756
101,201,290335
101,202,282056
101,203,306294
121,1,513730
121,2,337531
121,3,348319
121,4,333552
121,5,361407
121,6,334944
121,7,349778
121,8,332737
121,9,350823
121,10,332935
121,11,332489
121,12,343796
121,13,334940
121,14,347857
121,15,332235
121,16,332503
121,17,353041
121,18,337264
121,19,342370
121,20,332248
121,21,332058
121,22,344747
121,23,332103
121,24,343305
121,25,331963
121,26,332251
121,27,342167
121,28,345158
121,29,332493
121,30,348664
121,31,332391
121,32,332159
121,33,342392
121,34,332033
121,35,345218
121,36,332198
121,37,332086
121,38,347316
121,39,332318
121,40,345527
121,41,342955
121,42,336501
121,43,332307
121,44,338364
121,45,332413
121,46,340157
121,47,332475
121,48,332050
121,49,360842
121,50,332459
121,51,360295
121,52,332453
121,53,332105
121,54,344598
121,55,332008
121,56,332111
121,57,345104
121,58,332223
121,59,332204
121,60,342741
121,61,332207
121,62,343290
121,63,342665
121,64,345344
121,65,332358
121,66,343213
121,67,332435
121,68,343047
121,69,332101
121,70,332257
121,71,344642
121,72,332372
121,73,342786
121,74,351249
121,75,332102
121,76,348574
121,77,332147
121,78,332080
121,79,344371
121,80,332320
121,81,347223
121,82,332221
121,83,332349
121,84,346136
121,85,332065
121,86,353139
121,87,332112
121,88,332105
121,89,349352
121,90,332083
121,91,332130
121,92,343590
121,93,334421
121,94,350070
121,95,335692
121,96,350846
121,97,344422
121,98,353512
121,99,337764
121,100,346851
121,101,332196
121,102,350962
121,103,332570
121,104,332294
121,105,347008
121,106,337793
121,107,349800
121,108,339780
121,109,346490
121,110,359515
121,111,332415
121,112,332269
121,113,352983
121,114,332322
121,115,344104
121,116,332433
121,117,351097
121,118,332321
121,119,342013
121,120,348765
121,121,348863
121,122,335256
121,123,361125
121,124,334067
121,125,334186
121,126,351827
121,127,343435
121,128,352845
121,129,343746
121,130,351433
121,131,347147
121,132,354875
121,133,339952
121,134,350506
121,135,332161
121,136,344718
121,137,336703
121,138,340749
121,139,338080
121,140,333563
121,141,332440
121,142,351948
121,143,344680
121,144,347512
121,145,332327
121,146,349124
121,147,335944
121,148,345616
121,149,332281
121,150,350019
121,151,332615
121,152,344316
121,153,332354
121,154,357442
121,155,332518
121,156,346921
121,157,342281
121,158,334980
121,159,332552
121,160,350390
121,161,332130
121,162,349262
121,163,340810
121,164,332792
121,165,354433
121,166,342935
121,167,332304
121,168,345481
121,169,332266
121,170,348552
121,171,332704
121,172,343687
121,173,349793
121,174,332274
121,175,342370
121,176,332356
121,177,357119
121,178,332235
121,179,351693
121,180,342409
121,181,332454
121,182,346769
121,183,332306
121,184,359732
121,185,336660
121,186,344603
121,187,332674
121,188,362163
121,189,332432
121,190,348354
121,191,332544
121,192,345013
121,193,357074
121,194,335051
121,195,338282
121,196,344299
121,197,343190
121,198,345952
121,199,347684
121,200,360612
121,201,341073
121,202,347216
121,203,340221
141,1,588802
141,2,406304
141,3,435791
141,4,402268
141,5,401346
141,6,400644
141,7,401093
141,8,400171
141,9,401282
141,10,400288
141,11,400162
141,12,396176
141,13,417747
141,14,396425
141,15,386010
141,16,395900
141,17,400954
141,18,399212
141,19,404202
141,20,385469
141,21,387313
141,22,385922
141,23,398598
141,24,385282
141,25,385113
141,26,385360
141,27,385002
141,28,387424
141,29,399423
141,30,400387
141,31,399685
141,32,400168
141,33,397454
141,34,385334
141,35,395718
141,36,395152
141,37,399361
141,38,394900
141,39,405423
141,40,395913
141,41,398480
141,42,397382
141,43,398254
141,44,405592
141,45,407996
141,46,395063
141,47,414521
141,48,395549
141,49,410180
141,50,406700
141,51,396344
141,52,397929
141,53,387341
141,54,386558
141,55,385471
141,56,399597
141,57,400334
141,58,385483
141,59,386487
141,60,385484
141,61,399505
141,62,416007
141,63,401395
141,64,385665
141,65,385803
141,66,415124
141,67,385405
141,68,399174
141,69,400565
141,70,387486
141,71,385959
141,72,397801
141,73,417037
141,74,405782
141,75,405785
141,76,395693
141,77,396794
141,78,395916
141,79,426058
141,80,406018
141,81,406365
141,82,432093
141,83,395762
141,84,396103
141,85,395704
141,86,406734
141,87,405746
141,88,395778
141,89,385282
141,90,412088
141,91,399411
141,92,410957
141,93,408721
141,94,395975
141,95,397330
141,96,395994
141,97,395707
141,98,405763
141,99,405729
141,100,395986
141,101,407661
141,102,398041
141,103,395901
141,104,396075
141,105,395903
141,106,406155
141,107,411271
141,108,396678
141,109,395465
141,110,396394
141,111,400899
141,112,396574
141,113,406699
141,114,396407
141,115,385629
141,116,385487
141,117,396140
141,118,406633
141,119,398079
141,120,412572
141,121,399222
141,122,395739
141,123,406161
141,124,406566
141,125,395715
141,126,397129
141,127,395773
141,128,385368
141,129,385305
141,130,439923
141,131,385626
141,132,405857
141,133,396398
141,134,395909
141,135,406264
141,136,422721
141,137,395726
141,138,422188
141,139,395416
141,140,415851
141,141,399705
141,142,406255
141,143,396094
141,144,397143
141,145,396302
141,146,395429
141,147,406099
141,148,405727
141,149,406129
141,150,397512
141,151,412614
141,152,400813
141,153,406391
141,154,405842
141,155,405914
141,156,405815
141,157,395741
141,158,395829
141,159,417584
141,160,405409
141,161,395923
141,162,395414
141,163,395763
141,164,385012
141,165,385441
141,166,398358
141,167,406072
141,168,398484
141,169,398305
141,170,385087
141,171,395775
141,172,395501
141,173,405804
141,174,395689
141,175,396917
141,176,396480
141,177,395780
141,178,406298
141,179,420260
141,180,396081
141,181,385280
141,182,385242
141,183,395712
141,184,398087
141,185,405583
141,186,406249
141,187,396341
141,188,399426
141,189,407257
141,190,385600
141,191,395738
141,192,408883
141,193,408388
141,194,396476
141,195,395726
141,196,406108
141,197,406609
141,198,406042
141,199,404648
141,200,387279
141,201,386784
141,202,395603
141,203,406225
161,1,686707
161,2,453713
161,3,448854
161,4,449599
161,5,446934
161,6,433310
161,7,433318
161,8,435327
161,9,432706
161,10,448291
161,11,442516
161,12,448527
161,13,432630
161,14,460598
161,15,448030
161,16,432664
161,17,435600
161,18,433043
161,19,432704
161,20,458105
161,21,448353
161,22,432534
161,23,454806
161,24,457956
161,25,447842
161,26,432223
161,27,442168
161,28,447901
161,29,458717
161,30,445720
161,31,452226
161,32,453650
161,33,441810
161,34,443307
161,35,432301
161,36,446866
161,37,452480
161,38,470435
161,39,448749
161,40,454364
161,41,441663
161,42,443300
161,43,441821
161,44,511668
161,45,441402
161,46,448932
161,47,434995
161,48,432070
161,49,458452
161,50,454400
161,51,442157
161,52,459848
161,53,458136
161,54,443685
161,55,441148
161,56,443502
161,57,432218
161,58,450174
161,59,457697
161,60,443282
161,61,449637
161,62,443386
161,63,432410
161,64,441588
161,65,452512
161,66,448028
161,67,482181
161,68,447975
161,69,442233
161,70,447684
161,71,442479
161,72,448008
161,73,442442
161,74,454642
161,75,469668
161,76,443511
161,77,457412
161,78,432033
161,79,432087
161,80,441499
161,81,443769
161,82,441650
161,83,434640
161,84,443025
161,85,441384
161,86,458053
161,87,452347
161,88,457793
161,89,457717
161,90,457938
161,91,461961
161,92,474155
161,93,450811
161,94,447787
161,95,442236
161,96,457074
161,97,452474
161,98,470094
161,99,448101
161,100,443507
161,101,432379
161,102,456075
161,103,457658
161,104,443375
161,105,435115
161,106,432442
161,107,432079
161,108,443779
161,109,432519
161,110,452369
161,111,452659
161,112,449870
161,113,432066
161,114,440933
161,115,455685
161,116,443476
161,117,432244
161,118,450978
161,119,468441
161,120,443335
161,121,432413
161,122,457879
161,123,436839
161,124,432372
161,125,457788
161,126,453903
161,127,455215
161,128,465461
161,129,432163
161,130,449602
161,131,457785
161,132,448422
161,133,458606
161,134,461759
161,135,457522
161,136,447949
161,137,442750
161,138,448003
161,139,442310
161,140,454035
161,141,452071
161,142,468542
161,143,432262
161,144,459093
161,145,443404
161,146,440605
161,147,443707
161,148,441561
161,149,450350
161,150,432272
161,151,432397
161,152,440960
161,153,457984
161,154,470159
161,155,457746
161,156,474166
161,157,442503
161,158,457903
161,159,458237
161,160,448150
161,161,441618
161,162,457002
161,163,462015
161,164,468912
161,165,442428
161,166,443256
161,167,432583
161,168,440864
161,169,454730
161,170,469720
161,171,452456
161,172,444151
161,173,445236
161,174,465385
161,175,440964
161,176,458247
161,177,474363
161,178,444820
161,179,459378
161,180,459291
161,181,447956
161,182,447655
161,183,442331
161,184,454417
161,185,452226
161,186,448484
161,187,432786
161,188,432324
161,189,450328
161,190,441434
161,191,452711
161,192,476722
161,193,441551
161,194,443543
161,195,441661
161,196,468952
161,197,432405
161,198,454275
161,199,448366
161,200,441849
161,201,448046
161,202,459038
161,203,442496
181,1,628212
181,2,519846
181,3,489313
181,4,488283
181,5,501437
181,6,514852
181,7,502923
181,8,494470
181,9,515588
181,10,504766
181,11,497593
181,12,495931
181,13,497156
181,14,486492
181,15,494688
181,16,503993
181,17,508070
181,18,497210
181,19,496667
181,20,486371
181,21,498338
181,22,502165
181,23,486106
181,24,487721
181,25,500822
181,26,486651
181,27,486675
181,28,493488
181,29,505604
181,30,505088
181,31,503799
181,32,503432
181,33,507968
181,34,486710
181,35,495041
181,36,503337
181,37,503919
181,38,497413
181,39,486342
181,40,486723
181,41,521919
181,42,486450
181,43,486292
181,44,495860
181,45,511987
181,46,499108
181,47,497095
181,48,493275
181,49,511338
181,50,493613
181,51,504441
181,52,504000
181,53,497394
181,54,521817
181,55,505186
181,56,503746
181,57,516863
181,58,507020
181,59,515785
181,60,504193
181,61,498212
181,62,486310
181,63,513789
181,64,506341
181,65,497243
181,66,486540
181,67,493888
181,68,505401
181,69,503903
181,70,503690
181,71,503676
181,72,536315
181,73,512595
181,74,495309
181,75,497166
181,76,493348
181,77,504370
181,78,503674
181,79,486255
181,80,504119
181,81,504036
181,82,522929
181,83,498602
181,84,493269
181,85,497984
181,86,486432
181,87,493494
181,88,513826
181,89,497461
181,90,493544
181,91,503823
181,92,508249
181,93,497073
181,94,495055
181,95,509074
181,96,514412
181,97,510582
181,98,497674
181,99,498433
181,100,510962
181,101,525630
181,102,486070
181,103,500295
181,104,511275
181,105,493001
181,106,497066
181,107,493374
181,108,505527
181,109,504489
181,110,504499
181,111,517850
181,112,504647
181,113,512087
181,114,504096
181,115,503811
181,116,503935
181,117,507106
181,118,502059
181,119,538007
181,120,501819
181,121,486786
181,122,514888
181,123,500578
181,124,501901
181,125,486542
181,126,486214
181,127,505810
181,128,513492
181,129,513570
181,130,514003
181,131,502174
181,132,501731
181,133,500216
181,134,513776
181,135,517881
181,136,504539
181,137,516968
181,138,497564
181,139,513307
181,140,529431
181,141,486478
181,142,500398
181,143,515665
181,144,486542
181,145,486534
181,146,496129
181,147,503773
181,148,503794
181,149,504148
181,150,535257
181,151,494220
181,152,503352
181,153,504055
181,154,507445
181,155,502538
181,156,493604
181,157,497219
181,158,495344
181,159,493327
181,160,497739
181,161,488443
181,162,488279
181,163,497736
181,164,493614
181,165,497017
181,166,528958
181,167,504385
181,168,504427
181,169,503957
181,170,497875
181,171,493125
181,172,509716
181,173,504160
181,174,512842
181,175,505205
181,176,504276
181,177,511361
181,178,523909
181,179,486357
181,180,525600
181,181,534973
181,182,496818
181,183,516127
181,184,526660
181,185,493987
181,186,504517
181,187,503928
181,188,504265
181,189,533996
181,190,511243
181,191,488571
181,192,513938
181,193,495156
181,194,504001
181,195,504217
181,196,497460
181,197,502045
181,198,503752
181,199,522606
181,200,486474
181,201,488173
181,202,486668
181,203,500891
201,1,730553
201,2,566032
201,3,570743
201,4,531297
201,5,542278
201,6,557064
201,7,546134
201,8,530036
201,9,530084
201,10,551132
201,11,529822
201,12,536956
201,13,552177
201,14,561715
201,15,555219
201,16,571142
201,17,552735
201,18,545520
201,19,541601
201,20,541024
201,21,545806
201,22,557033
201,23,574670
201,24,539837
201,25,529713
201,26,536841
201,27,545462
201,28,539994
201,29,545491
201,30,529698
201,31,540376
201,32,555615
201,33,537238
201,34,551804
201,35,559721
201,36,553840
201,37,546651
201,38,540545
201,39,546311
201,40,546578
201,41,540653
201,42,558398
201,43,563481
201,44,559560
201,45,557247
201,46,550746
201,47,540848
201,48,541922
201,49,540347
201,50,531587
201,51,536402
201,52,551702
201,53,561481
201,54,572890
201,55,538197
201,56,544923
201,57,541382
201,58,574438
201,59,529547
201,60,540418
201,61,567881
201,62,545248
201,63,541676
201,64,541827
201,65,572198
201,66,543684
201,67,551692
201,68,558199
201,69,535607
201,70,568992
201,71,539483
201,72,574737
201,73,541333
201,74,545491
201,75,543121
201,76,558970
201,77,529607
201,78,551575
201,79,536103
201,80,550077
201,81,545857
201,82,556516
201,83,529477
201,84,529588
201,85,542003
201,86,542512
201,87,535493
201,88,546508
201,89,557016
201,90,538669
201,91,551600
201,92,570446
201,93,537438
201,94,546408
201,95,540844
201,96,558499
201,97,529712
201,98,529470
201,99,536444
201,100,544961
201,101,540155
201,102,545542
201,103,536014
201,104,543055
201,105,542622
201,106,551728
201,107,557267
201,108,551958
201,109,552008
201,110,551757
201,111,569687
201,112,552047
201,113,574752
201,114,541639
201,115,553125
201,116,545351
201,117,536933
201,118,559002
201,119,537180
201,120,544826
201,121,534930
201,122,573738
201,123,541763
201,124,556262
201,125,566602
201,126,551080
201,127,551438
201,128,551590
201,129,562156
201,130,547256
201,131,568628
201,132,566938
201,133,536562
201,134,544921
201,135,536711
201,136,545258
201,137,559794
201,138,529575
201,139,540087
201,140,576224
201,141,539405
201,142,546755
201,143,541264
201,144,563248
201,145,546812
201,146,570236
201,147,556480
201,148,556243
201,149,574160
201,150,529671
201,151,537917
201,152,540401
201,153,536280
201,154,550228
201,155,535697
201,156,544685
201,157,556092
201,158,540962
201,159,541472
201,160,551539
201,161,559814
201,162,563835
201,163,536601
201,164,546826
201,165,543015
201,166,553053
201,167,540154
201,168,568136
201,169,556285
201,170,544587
201,171,539451
201,172,544744
201,173,536700
201,174,542790
201,175,540324
201,176,538294
201,177,541358
201,178,549639
201,179,551794
201,180,551470
201,181,548290
201,182,546719
201,183,552265
201,184,536631
201,185,551450
201,186,574497
201,187,536466
201,188,569447
201,189,536601
201,190,583652
201,191,529873
201,192,529708
201,193,541271
201,194,550135
201,195,540533
201,196,535653
201,197,551987
201,198,538088
201,199,546784
201,200,563102
201,201,531500
201,202,536675
201,203,550013
1,1,61958
1,2,38567
1,3,35457
1,4,34793
1,5,34397
1,6,34196
1,7,34033
1,8,33819
1,9,33690
1,10,33744
1,11,33771
1,12,33867
1,13,33848
1,14,33730
1,15,33790
1,16,33678
1,17,33603
1,18,33623
1,19,33613
1,20,33688
1,21,33654
1,22,33633
1,23,33723
1,24,33739
1,25,33817
1,26,33765
1,27,33761
1,28,33804
1,29,33781
1,30,33749
1,31,33686
1,32,33757
1,33,33718
1,34,33680
1,35,33670
1,36,33684
1,37,33776
1,38,33741
1,39,33824
1,40,33856
1,41,33806
1,42,33751
1,43,33738
1,44,33715
1,45,33779
1,46,33704
1,47,33710
1,48,33683
1,49,33758
1,50,33771
1,51,33818
1,52,33782
1,53,33818
1,54,33893
1,55,33743
1,56,33819
1,57,33838
1,58,33719
1,59,33673
1,60,33756
1,61,33926
1,62,33878
1,63,33802
1,64,33851
1,65,33747
1,66,33669
1,67,33780
1,68,33749
1,69,33763
1,70,33701
1,71,33728
1,72,33842
1,73,33719
1,74,33896
1,75,44217
1,76,34290
1,77,33810
1,78,33816
1,79,33872
1,80,33756
1,81,33806
1,82,33725
1,83,33821
1,84,33769
1,85,33842
1,86,34321
1,87,33891
1,88,33877
1,89,33867
1,90,33981
1,91,33835
1,92,33744
1,93,33852
1,94,33774
1,95,33751
1,96,33806
1,97,33847
1,98,33889
1,99,33834
1,100,33907
1,101,33915
1,102,33833
1,103,33743
1,104,33805
1,105,33775
1,106,33744
1,107,33786
1,108,33821
1,109,33866
1,110,33931
1,111,33825
1,112,33918
1,113,33734
1,114,33727
1,115,33742
1,116,33805
1,117,33795
1,118,33814
1,119,33792
1,120,33848
1,121,33852
1,122,33870
1,123,33943
1,124,33872
1,125,33891
1,126,33953
1,127,33793
1,128,33817
1,129,33856
1,130,33843
1,131,33780
1,132,33795
1,133,33902
1,134,33873
1,135,33891
1,136,34017
1,137,33974
1,138,33912
1,139,33886
1,140,33861
1,141,33839
1,142,33855
1,143,33843
1,144,33883
1,145,33750
1,146,33807
1,147,33944
1,148,33894
1,149,33902
1,150,33932
1,151,33928
1,152,33838
1,153,33867
1,154,33911
1,155,33840
1,156,33843
1,157,33871
1,158,33685
1,159,33731
1,160,33894
1,161,34011
1,162,33832
1,163,33909
1,164,33952
1,165,33849
1,166,33788
1,167,33867
1,168,33859
1,169,33896
1,170,33870
1,171,33858
1,172,33941
1,173,34010
1,174,44749
1,175,34134
1,176,33919
1,177,33919
1,178,33891
1,179,33820
1,180,33788
1,181,33920
1,182,34045
1,183,33922
1,184,33918
1,185,34010
1,186,33858
1,187,33886
1,188,33859
1,189,33894
1,190,33929
1,191,33868
1,192,34309
1,193,33912
1,194,33990
1,195,33998
1,196,33881
1,197,33940
1,198,33899
1,199,33816
1,200,33858
1,201,33886
1,202,33744
1,203,33700
21,1,136083
21,2,89072
21,3,86143
21,4,85416
21,5,84804
21,6,84521
21,7,84516
21,8,84223
21,9,84070
21,10,83745
21,11,86452
21,12,83792
21,13,83791
21,14,95422
21,15,84199
21,16,83868
21,17,83740
21,18,88870
21,19,83781
21,20,83788
21,21,83895
21,22,83795
21,23,83844
21,24,83788
21,25,83833
21,26,83942
21,27,83787
21,28,83848
21,29,83684
21,30,83866
21,31,83864
21,32,83828
21,33,83773
21,34,83843
21,35,83698
21,36,83936
21,37,83805
21,38,83792
21,39,83762
21,40,83896
21,41,83722
21,42,83868
21,43,83740
21,44,83780
21,45,83786
21,46,83863
21,47,83796
21,48,83731
21,49,83882
21,50,83774
21,51,83832
21,52,83715
21,53,83779
21,54,83713
21,55,83703
21,56,83749
21,57,83783
21,58,99238
21,59,83993
21,60,83686
21,61,83859
21,62,83883
21,63,83734
21,64,83672
21,65,83812
21,66,83694
21,67,83841
21,68,83820
21,69,83775
21,70,83792
21,71,83751
21,72,83713
21,73,83747
21,74,83764
21,75,83716
21,76,83708
21,77,83760
21,78,86019
21,79,84174
21,80,83778
21,81,83727
21,82,83784
21,83,83826
21,84,83750
21,85,83649
21,86,83795
21,87,83717
21,88,83772
21,89,83730
21,90,83826
21,91,83782
21,92,83851
21,93,83774
21,94,83796
21,95,83693
21,96,83787
21,97,83701
21,98,83826
21,99,83746
21,100,83784
21,101,83797
21,102,85395
21,103,84010
21,104,83889
21,105,83857
21,106,83880
21,107,83927
21,108,83758
21,109,83932
21,110,83829
21,111,83898
21,112,83908
21,113,84028
21,114,83817
21,115,83935
21,116,83957
21,117,83992
21,118,83918
21,119,83817
21,120,85933
21,121,84167
21,122,83911
21,123,83878
21,124,83873
21,125,83903
21,126,83888
21,127,83767
21,128,83978
21,129,83749
21,130,83904
21,131,83811
21,132,83991
21,133,83857
21,134,83824
21,135,83864
21,136,83937
21,137,83888
21,138,83887
21,139,84051
21,140,83808
21,141,83952
21,142,83845
21,143,83861
21,144,83916
21,145,96688
21,146,84277
21,147,84038
21,148,83887
21,149,84000
21,150,83986
21,151,83983
21,152,83858
21,153,83935
21,154,83874
21,155,84012
21,156,83880
21,157,84019
21,158,84011
21,159,83931
21,160,83928
21,161,83784
21,162,83959
21,163,83872
21,164,83967
21,165,83865
21,166,83858
21,167,83840
21,168,83978
21,169,83911
21,170,83922
21,171,83866
21,172,84000
21,173,83936
21,174,83933
21,175,83871
21,176,86512
21,177,84195
21,178,83891
21,179,83959
21,180,83937
21,181,83874
21,182,83863
21,183,83884
21,184,83920
21,185,83892
21,186,83957
21,187,83901
21,188,85946
21,189,98484
21,190,84218
21,191,83970
21,192,83975
21,193,83856
21,194,84025
21,195,83884
21,196,84008
21,197,83854
21,198,83977
21,199,83877
21,200,83941
21,201,83888
21,202,83966
21,203,83939
41,1,208201
41,2,139423
41,3,140310
41,4,135318
41,5,134940
41,6,134803
41,7,134325
41,8,137638
41,9,134411
41,10,134121
41,11,133937
41,12,133805
41,13,133778
41,14,141641
41,15,134401
41,16,142169
41,17,134036
41,18,133658
41,19,133988
41,20,133672
41,21,133886
41,22,133843
41,23,148422
41,24,141899
41,25,134125
41,26,135305
41,27,133807
41,28,133842
41,29,133901
41,30,133824
41,31,133955
41,32,142382
41,33,134187
41,34,133834
41,35,133900
41,36,133960
41,37,133677
41,38,133982
41,39,133807
41,40,133912
41,41,133710
41,42,133845
41,43,133885
41,44,133615
41,45,133948
41,46,133681
41,47,133907
41,48,133689
41,49,133971
41,50,133680
41,51,135118
41,52,134313
41,53,133965
41,54,139122
41,55,133724
41,56,133851
41,57,133625
41,58,133806
41,59,133805
41,60,133761
41,61,133762
41,62,133718
41,63,133891
41,64,133615
41,65,133772
41,66,133795
41,67,133704
41,68,133762
41,69,133696
41,70,139518
41,71,141353
41,72,134010
41,73,133695
41,74,133833
41,75,133707
41,76,133696
41,77,135463
41,78,161589
41,79,135031
41,80,133895
41,81,133925
41,82,133742
41,83,134035
41,84,133561
41,85,133863
41,86,133812
41,87,133751
41,88,133955
41,89,133769
41,90,133790
41,91,141107
41,92,133851
41,93,133778
41,94,133787
41,95,133903
41,96,133624
41,97,133919
41,98,133660
41,99,133903
41,100,133688
41,101,133839
41,102,136964
41,103,134487
41,104,133886
41,105,133961
41,106,157585
41,107,134412
41,108,133877
41,109,133957
41,110,133794
41,111,133894
41,112,133868
41,113,133796
41,114,133960
41,115,133713
41,116,134002
41,117,133691
41,118,133920
41,119,133858
41,120,133790
41,121,133668
41,122,133714
41,123,133886
41,124,133818
41,125,133961
41,126,133757
41,127,133721
41,128,133555
41,129,134014
41,130,133728
41,131,133768
41,132,133807
41,133,133833
41,134,157729
41,135,134306
41,136,142979
41,137,133750
41,138,134115
41,139,133920
41,140,133931
41,141,133807
41,142,133955
41,143,134078
41,144,133880
41,145,134057
41,146,133700
41,147,136450
41,148,134273
41,149,134047
41,150,133808
41,151,133857
41,152,133811
41,153,134014
41,154,134133
41,155,133848
41,156,133916
41,157,133900
41,158,134079
41,159,133883
41,160,133951
41,161,133971
41,162,148318
41,163,134396
41,164,133888
41,165,134065
41,166,133914
41,167,134036
41,168,133904
41,169,133977
41,170,144539
41,171,133941
41,172,136648
41,173,134219
41,174,133890
41,175,133786
41,176,133883
41,177,133910
41,178,133987
41,179,134111
41,180,133875
41,181,134163
41,182,133867
41,183,134177
41,184,133955
41,185,134039
41,186,133941
41,187,133954
41,188,134060
41,189,133997
41,190,159392
41,191,134453
41,192,134151
41,193,134153
41,194,134078
41,195,133850
41,196,134026
41,197,133928
41,198,134081
41,199,134064
41,200,134130
41,201,133922
41,202,134117
41,203,133969
61,1,385652
61,2,188797
61,3,185858
61,4,184859
61,5,184137
61,6,183928
61,7,183815
61,8,183949
61,9,183686
61,10,183567
61,11,183620
61,12,194277
61,13,183610
61,14,183251
61,15,188399
61,16,183543
61,17,183447
61,18,183264
61,19,183443
61,20,183183
61,21,183305
61,22,183051
61,23,183234
61,24,183197
61,25,183254
61,26,183262
61,27,183064
61,28,183331
61,29,185478
61,30,183571
61,31,183210
61,32,194584
61,33,183761
61,34,183302
61,35,183409
61,36,183186
61,37,183234
61,38,183232
61,39,183272
61,40,183378
61,41,183350
61,42,183280
61,43,183182
61,44,183167
61,45,183174
61,46,185840
61,47,183390
61,48,183376
61,49,183283
61,50,183432
61,51,183274
61,52,183384
61,53,195954
61,54,183416
61,55,183403
61,56,183309
61,57,183342
61,58,183511
61,59,183320
61,60,183181
61,61,183267
61,62,183331
61,63,183243
61,64,183137
61,65,183311
61,66,183147
61,67,183339
61,68,183477
61,69,183216
61,70,183434
61,71,183400
61,72,183404
61,73,183262
61,74,194023
61,75,183369
61,76,183388
61,77,183326
61,78,183330
61,79,183256
61,80,183426
61,81,183431
61,82,183539
61,83,183385
61,84,183360
61,85,183213
61,86,183215
61,87,183242
61,88,183380
61,89,183135
61,90,183200
61,91,183292
61,92,183409
61,93,183334
61,94,183411
61,95,193928
61,96,183452
61,97,183236
61,98,185764
61,99,183413
61,100,183410
61,101,183288
61,102,183357
61,103,183511
61,104,183381
61,105,183318
61,106,183406
61,107,183257
61,108,183388
61,109,183464
61,110,183454
61,111,183294
61,112,183512
61,113,183433
61,114,183386
61,115,195272
61,116,184070
61,117,183315
61,118,183248
61,119,183469
61,120,183592
61,121,183268
61,122,183470
61,123,183275
61,124,183378
61,125,183285
61,126,183271
61,127,183306
61,128,183459
61,129,187060
61,130,183341
61,131,183297
61,132,183230
61,133,183402
61,134,186165
61,135,183428
61,136,194644
61,137,183478
61,138,183235
61,139,183531
61,140,183352
61,141,183386
61,142,183416
61,143,183398
61,144,183332
61,145,183242
61,146,183451
61,147,183295
61,148,183335
61,149,183293
61,150,183409
61,151,195956
61,152,183329
61,153,183346
61,154,183466
61,155,183329
61,156,183128
61,157,194172
61,158,183542
61,159,183205
61,160,183471
61,161,183332
61,162,183416
61,163,183373
61,164,183274
61,165,183454
61,166,183417
61,167,183393
61,168,183430
61,169,183362
61,170,183351
61,171,188525
61,172,183412
61,173,183473
61,174,183460
61,175,183284
61,176,183308
61,177,183424
61,178,196127
61,179,183718
61,180,183409
61,181,183344
61,182,183479
61,183,183176
61,184,183266
61,185,183469
61,186,186241
61,187,183426
61,188,183437
61,189,183320
61,190,183487
61,191,183351
61,192,183397
61,193,183421
61,194,183316
61,195,183356
61,196,183438
61,197,183382
61,198,200231
61,199,184582
61,200,183513
61,201,183325
61,202,183494
61,203,185580
81,1,330531
81,2,237437
81,3,234893
81,4,234199
81,5,233719
81,6,233278
81,7,233330
81,8,233147
81,9,235636
81,10,233288
81,11,232845
81,12,232733
81,13,232747
81,14,232803
81,15,232703
81,16,243314
81,17,232863
81,18,232836
81,19,232818
81,20,232745
81,21,234830
81,22,232705
81,23,232577
81,24,232849
81,25,232623
81,26,232696
81,27,232694
81,28,232777
81,29,232662
81,30,232743
81,31,232679
81,32,245475
81,33,232750
81,34,232855
81,35,232917
81,36,232670
81,37,232431
81,38,232685
81,39,232632
81,40,232622
81,41,232862
81,42,232445
81,43,232517
81,44,232796
81,45,232742
81,46,232569
81,47,232794
81,48,232616
81,49,244083
81,50,232775
81,51,235225
81,52,232863
81,53,232819
81,54,232558
81,55,232798
81,56,232844
81,57,232668
81,58,232620
81,59,232631
81,60,232573
81,61,232764
81,62,235012
81,63,232703
81,64,232816
81,65,243756
81,66,235187
81,67,232889
81,68,232611
81,69,232839
81,70,232743
81,71,232743
81,72,232870
81,73,232774
81,74,232738
81,75,232751
81,76,232520
81,77,232863
81,78,232610
81,79,232854
81,80,232748
81,81,232809
81,82,243121
81,83,232838
81,84,232660
81,85,232547
81,86,232734
81,87,232647
81,88,232645
81,89,232563
81,90,232738
81,91,232799
81,92,234710
81,93,232692
81,94,232550
81,95,232991
81,96,232644
81,97,232404
81,98,245675
81,99,235134
81,100,232777
81,101,232635
81,102,232690
81,103,232890
81,104,235265
81,105,232615
81,106,232983
81,107,232904
81,108,232714
81,109,232759
81,110,232858
81,111,233097
81,112,232789
81,113,232658
81,114,232762
81,115,242600
81,116,232850
81,117,232917
81,118,232969
81,119,232766
81,120,232811
81,121,232884
81,122,232800
81,123,232661
81,124,232691
81,125,232851
81,126,232976
81,127,232833
81,128,232982
81,129,232925
81,130,232765
81,131,243665
81,132,233136
81,133,232667
81,134,235494
81,135,232934
81,136,233014
81,137,232848
81,138,232598
81,139,232893
81,140,232719
81,141,232617
81,142,232844
81,143,232767
81,144,232587
81,145,234823
81,146,233024
81,147,232952
81,148,244038
81,149,232888
81,150,232823
81,151,232883
81,152,232948
81,153,232836
81,154,232822
81,155,232703
81,156,233152
81,157,232833
81,158,232818
81,159,232818
81,160,232818
81,161,232929
81,162,232959
81,163,232656
81,164,247126
81,165,233130
81,166,233087
81,167,232866
81,168,232793
81,169,232829
81,170,232669
81,171,232881
81,172,232883
81,173,232778
81,174,232767
81,175,235033
81,176,232742
81,177,232719
81,178,232719
81,179,232928
81,180,232689
81,181,242669
81,182,232980
81,183,232896
81,184,232542
81,185,232998
81,186,232761
81,187,235043
81,188,232623
81,189,232770
81,190,233112
81,191,233125
81,192,233014
81,193,232885
81,194,232796
81,195,233055
81,196,232911
81,197,246234
81,198,233038
81,199,232924
81,200,233135
81,201,232786
81,202,232903
81,203,232956
101,1,341967
101,2,286642
101,3,283953
101,4,283191
101,5,282690
101,6,282504
101,7,282391
101,8,282299
101,9,292676
101,10,282305
101,11,282090
101,12,282008
101,13,281929
101,14,281953
101,15,281792
101,16,282073
101,17,281935
101,18,282116
101,19,284464
101,20,281988
101,21,281734
101,22,281916
101,23,292094
101,24,282077
101,25,281880
101,26,282049
101,27,284148
101,28,284124
101,29,282108
101,30,281861
101,31,281925
101,32,281914
101,33,281686
101,34,281629
101,35,281844
101,36,294590
101,37,281873
101,38,281966
101,39,281923
101,40,281624
101,41,281991
101,42,282136
101,43,281881
101,44,281890
101,45,281936
101,46,281559
101,47,281853
101,48,282166
101,49,281604
101,50,291917
101,51,282050
101,52,281992
101,53,281971
101,54,284696
101,55,282252
101,56,281829
101,57,281893
101,58,281904
101,59,281717
101,60,282266
101,61,284250
101,62,281917
101,63,281714
101,64,291257
101,65,281742
101,66,281706
101,67,281920
101,68,281736
101,69,282051
101,70,281807
101,71,281943
101,72,281765
101,73,282189
101,74,281958
101,75,281669
101,76,281982
101,77,294633
101,78,281919
101,79,281903
101,80,281994
101,81,281989
101,82,281803
101,83,281892
101,84,281894
101,85,281798
101,86,281874
101,87,281973
101,88,283787
101,89,281988
101,90,281871
101,91,292895
101,92,281612
101,93,281956
101,94,282163
101,95,282023
101,96,284570
101,97,281949
101,98,282058
101,99,282215
101,100,282059
101,101,282017
101,102,282050
101,103,284731
101,104,282224
101,105,292449
101,106,281992
101,107,281848
101,108,282126
101,109,281793
101,110,281678
101,111,282015
101,112,282123
101,113,281912
101,114,281866
101,115,281908
101,116,281963
101,117,282327
101,118,282045
101,119,296638
101,120,281778
101,121,282087
101,122,282010
101,123,284764
101,124,282132
101,125,282258
101,126,281949
101,127,281956
101,128,281952
101,129,281916
101,130,283957
101,131,284338
101,132,292902
101,133,281757
101,134,282290
101,135,281916
101,136,281899
101,137,282040
101,138,282100
101,139,282146
101,140,281916
101,141,282031
101,142,281987
101,143,281885
101,144,282269
101,145,281886
101,146,293799
101,147,282186
101,148,282287
101,149,281864
101,150,281913
101,151,282047
101,152,282007
101,153,281920
101,154,281936
101,155,282143
101,156,281957
101,157,284600
101,158,282155
101,159,282082
101,160,294754
101,161,282055
101,162,281694
101,163,281857
101,164,281986
101,165,284294
101,166,281979
101,167,282245
101,168,281931
101,169,282241
101,170,282242
101,171,281891
101,172,282018
101,173,293575
101,174,282171
101,175,281962
101,176,282062
101,177,281925
101,178,281961
101,179,281966
101,180,282037
101,181,282225
101,182,282046
101,183,282120
101,184,282092
101,185,281790
101,186,281833
101,187,292722
101,188,281870
101,189,281900
101,190,281858
101,191,282083
101,192,284288
101,193,282107
101,194,282278
101,195,281909
101,196,281952
101,197,282208
101,198,282004
101,199,284089
101,200,282136
101,201,297058
101,202,282197
101,203,282148
121,1,392814
121,2,338183
121,3,335480
121,4,334377
121,5,334268
121,6,333848
121,7,333221
121,8,333730
121,9,333421
121,10,333240
121,11,348220
121,12,333347
121,13,335175
121,14,332935
121,15,336631
121,16,333137
121,17,332872
121,18,332873
121,19,335867
121,20,333088
121,21,332835
121,22,332983
121,23,351103
121,24,335028
121,25,333144
121,26,332744
121,27,332973
121,28,332779
121,29,332872
121,30,332917
121,31,332900
121,32,333201
121,33,332769
121,34,363309
121,35,385694
121,36,333706
121,37,333344
121,38,340042
121,39,333217
121,40,332776
121,41,333285
121,42,332988
121,43,332852
121,44,332895
121,45,332874
121,46,349978
121,47,351639
121,48,335090
121,49,332920
121,50,332921
121,51,332679
121,52,333064
121,53,335866
121,54,332920
121,55,332675
121,56,332808
121,57,332590
121,58,349399
121,59,338267
121,60,333059
121,61,333380
121,62,332938
121,63,332740
121,64,359987
121,65,333020
121,66,333087
121,67,332783
121,68,332920
121,69,351094
121,70,333420
121,71,333463
121,72,333261
121,73,332873
121,74,332922
121,75,332872
121,76,333041
121,77,332873
121,78,350619
121,79,332776
121,80,333005
121,81,351996
121,82,337446
121,83,333001
121,84,333048
121,85,333014
121,86,333084
121,87,333125
121,88,332959
121,89,332980
121,90,332995
121,91,332994
121,92,347613
121,93,344130
121,94,333150
121,95,333196
121,96,332802
121,97,332867
121,98,332923
121,99,333067
121,100,332841
121,101,332770
121,102,333097
121,103,332871
121,104,350994
121,105,333189
121,106,332956
121,107,350432
121,108,333139
121,109,332880
121,110,332929
121,111,334994
121,112,332848
121,113,333194
121,114,332743
121,115,333164
121,116,362622
121,117,333309
121,118,332854
121,119,332936
121,120,332971
121,121,333060
121,122,332854
121,123,333016
121,124,332865
121,125,332961
121,126,332945
121,127,354006
121,128,332931
121,129,332889
121,130,332860
121,131,332896
121,132,332840
121,133,332824
121,134,332975
121,135,333048
121,136,361098
121,137,332721
121,138,332819
121,139,344877
121,140,335107
121,141,333051
121,142,332882
121,143,332918
121,144,332913
121,145,332928
121,146,332745
121,147,332887
121,148,332957
121,149,332857
121,150,333018
121,151,345173
121,152,332867
121,153,332991
121,154,333001
121,155,332936
121,156,332718
121,157,332818
121,158,333076
121,159,332886
121,160,333038
121,161,332853
121,162,343998
121,163,332756
121,164,332912
121,165,334977
121,166,333167
121,167,332897
121,168,332793
121,169,336969
121,170,332986
121,171,333293
121,172,332993
121,173,332950
121,174,343604
121,175,332907
121,176,333094
121,177,332827
121,178,333042
121,179,332851
121,180,333117
121,181,333019
121,182,332992
121,183,333186
121,184,332851
121,185,332894
121,186,344492
121,187,333232
121,188,333237
121,189,333083
121,190,335438
121,191,333052
121,192,332824
121,193,333090
121,194,335543
121,195,351300
121,196,332752
121,197,343428
121,198,333000
121,199,335361
121,200,332778
121,201,332997
121,202,332999
121,203,333027
141,1,576004
141,2,403780
141,3,393905
141,4,383966
141,5,398411
141,6,383215
141,7,388804
141,8,398682
141,9,382381
141,10,382598
141,11,396150
141,12,393389
141,13,382239
141,14,394202
141,15,407370
141,16,393245
141,17,382132
141,18,382258
141,19,393742
141,20,404827
141,21,393228
141,22,382038
141,23,382236
141,24,382190
141,25,404117
141,26,395533
141,27,382246
141,28,389322
141,29,382118
141,30,381893
141,31,381878
141,32,382027
141,33,381938
141,34,393320
141,35,394866
141,36,381946
141,37,398405
141,38,395388
141,39,404510
141,40,409388
141,41,404135
141,42,393545
141,43,393401
141,44,404256
141,45,413902
141,46,404248
141,47,406403
141,48,393470
141,49,382482
141,50,382067
141,51,394777
141,52,382249
141,53,409896
141,54,399059
141,55,403001
141,56,404148
141,57,404849
141,58,398777
141,59,382013
141,60,398691
141,61,393071
141,62,382080
141,63,381983
141,64,382049
141,65,403697
141,66,404062
141,67,403923
141,68,404134
141,69,395166
141,70,392539
141,71,393375
141,72,396193
141,73,393558
141,74,382136
141,75,396690
141,76,384718
141,77,407851
141,78,384475
141,79,382342
141,80,396733
141,81,408312
141,82,407615
141,83,406219
141,84,393583
141,85,392339
141,86,382318
141,87,394109
141,88,392949
141,89,403927
141,90,404257
141,91,404264
141,92,393390
141,93,404297
141,94,432345
141,95,393484
141,96,393174
141,97,386587
141,98,393613
141,99,382083
141,100,396062
141,101,400327
141,102,398147
141,103,393295
141,104,393249
141,105,382355
141,106,396216
141,107,393557
141,108,382131
141,109,382255
141,110,382326
141,111,415450
141,112,393878
141,113,396870
141,114,404695
141,115,382182
141,116,404540
141,117,404718
141,118,404331
141,119,405016
141,120,404309
141,121,404614
141,122,404460
141,123,393754
141,124,408114
141,125,392693
141,126,394134
141,127,399410
141,128,404744
141,129,393081
141,130,382227
141,131,382256
141,132,393652
141,133,393763
141,134,410064
141,135,382554
141,136,404542
141,137,392958
141,138,382419
141,139,382375
141,140,404387
141,141,404265
141,142,393683
141,143,382492
141,144,402133
141,145,393458
141,146,392700
141,147,393342
141,148,382394
141,149,382357
141,150,392924
141,151,393475
141,152,395256
141,153,393305
141,154,393799
141,155,382252
141,156,415885
141,157,404583
141,158,404626
141,159,411745
141,160,404599
141,161,403950
141,162,393467
141,163,382468
141,164,414842
141,165,404394
141,166,399587
141,167,393390
141,168,404759
141,169,399221
141,170,393777
141,171,382377
141,172,393440
141,173,397197
141,174,382317
141,175,395604
141,176,393537
141,177,395781
141,178,393660
141,179,382595
141,180,382262
141,181,404248
141,182,393350
141,183,395437
141,184,385111
141,185,404705
141,186,393583
141,187,384918
141,188,404734
141,189,416500
141,190,404322
141,191,404342
141,192,393358
141,193,416889
141,194,404318
141,195,405045
141,196,409824
141,197,393838
141,198,382186
141,199,392851
141,200,395783
141,201,385136
141,202,382545
141,203,393790
161,1,524597
161,2,450848
161,3,438708
161,4,448328
161,5,446101
161,6,437810
161,7,445006
161,8,445632
161,9,432256
161,10,432885
161,11,447365
161,12,438444
161,13,439286
161,14,443627
161,15,444470
161,16,438435
161,17,442958
161,18,455525
161,19,433040
161,20,435079
161,21,447120
161,22,447387
161,23,444872
161,24,452188
161,25,437454
161,26,445060
161,27,444054
161,28,433385
161,29,439350
161,30,433582
161,31,455117
161,32,442432
161,33,441161
161,34,452292
161,35,448169
161,36,432972
161,37,436521
161,38,443091
161,39,452312
161,40,447478
161,41,452144
161,42,445252
161,43,452741
161,44,432740
161,45,436485
161,46,443158
161,47,445499
161,48,434639
161,49,460285
161,50,458691
161,51,435940
161,52,464806
161,53,432847
161,54,455424
161,55,432729
161,56,461779
161,57,432444
161,58,464166
161,59,432921
161,60,457571
161,61,449328
161,62,432090
161,63,449130
161,64,453358
161,65,448577
161,66,450257
161,67,476092
161,68,432562
161,69,449878
161,70,435281
161,71,443630
161,72,432509
161,73,449277
161,74,452831
161,75,449248
161,76,456981
161,77,440390
161,78,465499
161,79,454624
161,80,432536
161,81,447555
161,82,432588
161,83,443305
161,84,456459
161,85,445992
161,86,432329
161,87,446255
161,88,432412
161,89,443935
161,90,432348
161,91,456043
161,92,435187
161,93,461954
161,94,438525
161,95,456455
161,96,469634
161,97,435833
161,98,454190
161,99,445292
161,100,443490
161,101,451276
161,102,450947
161,103,450872
161,104,453538
161,105,432374
161,106,448717
161,107,432334
161,108,453318
161,109,432584
161,110,445501
161,111,448507
161,112,454103
161,113,447345
161,114,463361
161,115,432849
161,116,447715
161,117,432557
161,118,446975
161,119,459336
161,120,432487
161,121,455609
161,122,438221
161,123,439665
161,124,448304
161,125,460286
161,126,432495
161,127,444341
161,128,446734
161,129,450281
161,130,442502
161,131,432838
161,132,448533
161,133,432545
161,134,448106
161,135,443272
161,136,442436
161,137,469953
161,138,432999
161,139,447838
161,140,432744
161,141,444528
161,142,454926
161,143,437858
161,144,443008
161,145,432415
161,146,459136
161,147,432807
161,148,447851
161,149,432712
161,150,450179
161,151,432483
161,152,447502
161,153,448934
161,154,431997
161,155,460653
161,156,448838
161,157,432203
161,158,458022
161,159,432632
161,160,453894
161,161,432382
161,162,462260
161,163,432886
161,164,448724
161,165,432652
161,166,442906
161,167,455305
161,168,432949
161,169,459188
161,170,432667
161,171,455178
161,172,464140
161,173,432857
161,174,444467
161,175,449997
161,176,443312
161,177,432372
161,178,447232
161,179,447415
161,180,436516
161,181,456128
161,182,432938
161,183,443660
161,184,432662
161,185,442274
161,186,432784
161,187,443552
161,188,443471
161,189,432797
161,190,462263
161,191,432891
161,192,449280
161,193,432859
161,194,442509
161,195,432252
161,196,444333
161,197,432717
161,198,443079
161,199,445719
161,200,442967
161,201,432663
161,202,450930
161,203,449264
181,1,611953
181,2,498340
181,3,501454
181,4,497491
181,5,511785
181,6,495228
181,7,484390
181,8,495692
181,9,484366
181,10,581738
181,11,508097
181,12,509010
181,13,513362
181,14,485102
181,15,503948
181,16,484474
181,17,509728
181,18,494721
181,19,509882
181,20,496192
181,21,503424
181,22,492952
181,23,499464
181,24,483601
181,25,494125
181,26,483829
181,27,494180
181,28,498577
181,29,505873
181,30,509078
181,31,484547
181,32,513822
181,33,486993
181,34,496820
181,35,504683
181,36,498899
181,37,484100
181,38,500595
181,39,495166
181,40,497522
181,41,491555
181,42,491483
181,43,523192
181,44,498039
181,45,502168
181,46,483418
181,47,498564
181,48,490635
181,49,495670
181,50,483911
181,51,524277
181,52,497388
181,53,500415
181,54,483827
181,55,506190
181,56,501954
181,57,483680
181,58,495878
181,59,496869
181,60,499087
181,61,483773
181,62,495385
181,63,483576
181,64,496088
181,65,499494
181,66,496991
181,67,495053
181,68,483832
181,69,496400
181,70,503915
181,71,483731
181,72,498002
181,73,487737
181,74,499402
181,75,495123
181,76,502281
181,77,483993
181,78,503292
181,79,484116
181,80,498489
181,81,499808
181,82,483782
181,83,509789
181,84,483860
181,85,494062
181,86,498032
181,87,483574
181,88,502197
181,89,497522
181,90,483946
181,91,512231
181,92,504482
181,93,486127
181,94,495548
181,95,500109
181,96,483841
181,97,494730
181,98,498788
181,99,494444
181,100,497636
181,101,484008
181,102,493844
181,103,483677
181,104,516873
181,105,484322
181,106,504382
181,107,502055
181,108,498085
181,109,483811
181,110,496081
181,111,483724
181,112,508972
181,113,499340
181,114,484101
181,115,509408
181,116,498804
181,117,503668
181,118,483960
181,119,496538
181,120,483813
181,121,495686
181,122,483701
181,123,509766
181,124,484216
181,125,500228
181,126,484003
181,127,497897
181,128,497955
181,129,498415
181,130,484169
181,131,516175
181,132,500197
181,133,500002
181,134,499009
181,135,485530
181,136,500135
181,137,483972
181,138,498178
181,139,496895
181,140,501280
181,141,483615
181,142,505817
181,143,483677
181,144,495278
181,145,483641
181,146,493509
181,147,499578
181,148,498641
181,149,483634
181,150,504830
181,151,483829
181,152,500781
181,153,485748
181,154,513969
181,155,486439
181,156,505708
181,157,484017
181,158,497700
181,159,483850
181,160,497923
181,161,503880
181,162,521741
181,163,484239
181,164,505644
181,165,506520
181,166,484030
181,167,494274
181,168,484207
181,169,495836
181,170,511060
181,171,484156
181,172,495915
181,173,500206
181,174,483867
181,175,497670
181,176,483641
181,177,494641
181,178,507275
181,179,483575
181,180,496913
181,181,484086
181,182,492049
181,183,483575
181,184,507726
181,185,502742
181,186,514965
181,187,484364
181,188,502206
181,189,499552
181,190,483848
181,191,498334
181,192,485427
181,193,502542
181,194,495325
181,195,503175
181,196,483947
181,197,514174
181,198,517123
181,199,487168
181,200,515785
181,201,487434
181,202,531997
181,203,484311
201,1,708609
201,2,548797
201,3,532548
201,4,562280
201,5,530619
201,6,548760
201,7,552490
201,8,530364
201,9,540176
201,10,541044
201,11,548781
201,12,554413
201,13,545379
201,14,529966
201,15,543696
201,16,529637
201,17,545150
201,18,529815
201,19,553677
201,20,529771
201,21,544446
201,22,529718
201,23,541192
201,24,529690
201,25,543729
201,26,541995
201,27,546386
201,28,545033
201,29,529908
201,30,546901
201,31,530188
201,32,549577
201,33,529926
201,34,561557
201,35,532792
201,36,538470
201,37,529606
201,38,551030
201,39,529918
201,40,544323
201,41,542080
201,42,540642
201,43,540568
201,44,531786
201,45,541273
201,46,540667
201,47,530111
201,48,554068
201,49,529922
201,50,540632
201,51,539969
201,52,543267
201,53,530005
201,54,540744
201,55,547352
201,56,552439
201,57,529803
201,58,540041
201,59,529898
201,60,538292
201,61,529795
201,62,542484
201,63,542232
201,64,545277
201,65,529884
201,66,541883
201,67,529816
201,68,542293
201,69,529728
201,70,560782
201,71,529919
201,72,558190
201,73,533344
201,74,556701
201,75,530394
201,76,550124
201,77,554841
201,78,530230
201,79,538131
201,80,532432
201,81,540750
201,82,540456
201,83,529844
201,84,540150
201,85,556187
201,86,529999
201,87,540003
201,88,529624
201,89,539614
201,90,552421
201,91,530141
201,92,561671
201,93,551981
201,94,529590
201,95,545298
201,96,543336
201,97,533333
201,98,571335
201,99,543978
201,100,552354
201,101,539295
201,102,529624
201,103,541877
201,104,529654
201,105,545999
201,106,546471
201,107,544422
201,108,529762
201,109,543805
201,110,529561
201,111,543255
201,112,529835
201,113,540913
201,114,539178
201,115,541381
201,116,529743
201,117,542585
201,118,533886
201,119,553233
201,120,529861
201,121,557645
201,122,543939
201,123,529815
201,124,541332
201,125,529920
201,126,545699
201,127,536859
201,128,542994
201,129,566122
201,130,535696
201,131,548863
201,132,552842
201,133,544999
201,134,551826
201,135,547044
201,136,549301
201,137,550767
201,138,551323
201,139,536649
201,140,545896
201,141,533038
201,142,549574
201,143,559661
201,144,566104
201,145,530141
201,146,549649
201,147,530247
201,148,575500
201,149,529981
201,150,553338
201,151,538227
201,152,529921
201,153,546835
201,154,529960
201,155,543776
201,156,540573
201,157,555423
201,158,557526
201,159,530317
201,160,545051
201,161,541984
201,162,552005
201,163,529807
201,164,551397
201,165,548016
201,166,575345
201,167,530245
201,168,554507
201,169,530255
201,170,545533
201,171,554682
201,172,530063
201,173,545824
201,174,529943
201,175,562834
201,176,532334
201,177,544345
201,178,530078
201,179,561770
201,180,529844
201,181,542836
201,182,541114
201,183,557248
201,184,529733
201,185,544212
201,186,560459
201,187,530353
201,188,543153
201,189,541399
201,190,532298
201,191,545092
201,192,530031
201,193,563467
201,194,532885
201,195,541868
201,196,530250
201,197,563480
201,198,532619
201,199,542446
201,200,529904
201,201,572849
201,202,529988
201,203,542160
1,1,47181
1,2,38455
1,3,38092
1,4,35024
1,5,34817
1,6,34584
1,7,34047
1,8,33969
1,9,34003
1,10,33960
1,11,33846
1,12,33560
1,13,33651
1,14,33553
1,15,33578
1,16,33670
1,17,40181
1,18,37988
1,19,35743
1,20,33700
1,21,33708
1,22,33747
1,23,33693
1,24,33673
1,25,33690
1,26,33678
1,27,33688
1,28,33610
1,29,33688
1,30,38952
1,31,36372
1,32,43476
1,33,39390
1,34,35759
1,35,35596
1,36,35720
1,37,35446
1,38,35480
1,39,35440
1,40,35664
1,41,35878
1,42,35685
1,43,39545
1,44,36775
1,45,37133
1,46,33574
1,47,47308
1,48,33609
1,49,33497
1,50,33383
1,51,33522
1,52,33584
1,53,33484
1,54,33576
1,55,33533
1,56,33549
1,57,33437
1,58,42971
1,59,33703
1,60,40859
1,61,38987
1,62,33512
1,63,33460
1,64,33444
1,65,33509
1,66,33479
1,67,46335
1,68,33851
1,69,33649
1,70,33616
1,71,33587
1,72,33688
1,73,33770
1,74,42820
1,75,37653
1,76,41350
1,77,38444
1,78,35843
1,79,35644
1,80,36436
1,81,35568
1,82,35560
1,83,35592
1,84,35522
1,85,35466
1,86,35302
1,87,35201
1,88,35475
1,89,35290
1,90,35456
1,91,35492
1,92,35233
1,93,37416
1,94,41622
1,95,42386
1,96,33427
1,97,40496
1,98,33484
1,99,33353
1,100,33467
1,101,33379
1,102,33511
1,103,33487
1,104,33521
1,105,33420
1,106,33462
1,107,33349
1,108,33469
1,109,33415
1,110,33379
1,111,33435
1,112,34039
1,113,36968
1,114,33477
1,115,33380
1,116,42334
1,117,33703
1,118,33367
1,119,33362
1,120,33366
1,121,33421
1,122,33393
1,123,33436
1,124,33382
1,125,33363
1,126,33398
1,127,33320
1,128,33326
1,129,33387
1,130,33370
1,131,33407
1,132,38866
1,133,33574
1,134,38154
1,135,36352
1,136,33238
1,137,36028
1,138,33122
1,139,33309
1,140,33318
1,141,33196
1,142,33305
1,143,33360
1,144,33412
1,145,33406
1,146,33417
1,147,33551
1,148,33441
1,149,33447
1,150,33478
1,151,33435
1,152,43283
1,153,33602
1,154,35278
1,155,42344
1,156,33877
1,157,33517
1,158,33477
1,159,33416
1,160,33345
1,161,33366
1,162,33456
1,163,44112
1,164,33442
1,165,33486
1,166,33397
1,167,33406
1,168,33363
1,169,33407
1,170,33433
1,171,33378
1,172,40387
1,173,35923
1,174,33477
1,175,40574
1,176,33713
1,177,37284
1,178,33564
1,179,33503
1,180,33605
1,181,33413
1,182,33588
1,183,33552
1,184,33578
1,185,33593
1,186,33526
1,187,35300
1,188,33538
1,189,33346
1,190,33450
1,191,45324
1,192,37189
1,193,36315
1,194,43425
1,195,35619
1,196,35435
1,197,35361
1,198,35452
1,199,35345
1,200,35564
1,201,35487
1,202,35408
1,203,35230
21,1,138133
21,2,89581
21,3,86658
21,4,85105
21,5,85057
21,6,84663
21,7,87340
21,8,91779
21,9,99143
21,10,84689
21,11,84012
21,12,83859
21,13,83933
21,14,83762
21,15,88826
21,16,99763
21,17,93083
21,18,101804
21,19,92713
21,20,88671
21,21,88537
21,22,98717
21,23,93533
21,24,87789
21,25,84144
21,26,83878
21,27,83915
21,28,83958
21,29,83915
21,30,83985
21,31,94499
21,32,95681
21,33,89642
21,34,84449
21,35,84052
21,36,83986
21,37,83895
21,38,84004
21,39,83992
21,40,98205
21,41,98919
21,42,93160
21,43,88427
21,44,88238
21,45,88345
21,46,88509
21,47,88145
21,48,99828
21,49,85093
21,50,100490
21,51,84570
21,52,84080
21,53,83997
21,54,84082
21,55,84082
21,56,95094
21,57,98148
21,58,84680
21,59,83957
21,60,95158
21,61,84174
21,62,84060
21,63,83976
21,64,83837
21,65,97710
21,66,84413
21,67,84166
21,68,84004
21,69,84619
21,70,84084
21,71,84149
21,72,90429
21,73,101795
21,74,88893
21,75,88591
21,76,88720
21,77,88963
21,78,88512
21,79,88560
21,80,101358
21,81,91033
21,82,93552
21,83,84523
21,84,84035
21,85,83943
21,86,84139
21,87,83892
21,88,83992
21,89,96009
21,90,99889
21,91,84853
21,92,83985
21,93,84043
21,94,84090
21,95,84099
21,96,84214
21,97,84242
21,98,84259
21,99,83940
21,100,94408
21,101,98924
21,102,84879
21,103,84133
21,104,84083
21,105,84183
21,106,84099
21,107,84003
21,108,93458
21,109,90839
21,110,84252
21,111,84006
21,112,84166
21,113,84054
21,114,84099
21,115,84019
21,116,84084
21,117,98178
21,118,84959
21,119,84223
21,120,84203
21,121,84098
21,122,84093
21,123,84121
21,124,84087
21,125,84081
21,126,94446
21,127,84918
21,128,84171
21,129,84082
21,130,84155
21,131,84006
21,132,84126
21,133,84085
21,134,84124
21,135,84002
21,136,103333
21,137,84423
21,138,84066
21,139,84080
21,140,84193
21,141,84032
21,142,87054
21,143,92524
21,144,109460
21,145,89087
21,146,89602
21,147,88455
21,148,88362
21,149,93206
21,150,92759
21,151,94470
21,152,84271
21,153,84064
21,154,84156
21,155,84047
21,156,84125
21,157,92465
21,158,99106
21,159,94377
21,160,88619
21,161,89387
21,162,88873
21,163,88590
21,164,88662
21,165,107184
21,166,98174
21,167,84922
21,168,84099
21,169,84116
21,170,84076
21,171,84107
21,172,84189
21,173,83991
21,174,93046
21,175,94327
21,176,84907
21,177,84364
21,178,84114
21,179,84225
21,180,84077
21,181,84076
21,182,90208
21,183,93291
21,184,84311
21,185,96868
21,186,84392
21,187,84104
21,188,84248
21,189,84125
21,190,83941
21,191,97777
21,192,84882
21,193,84222
21,194,84192
21,195,84083
21,196,83982
21,197,84113
21,198,84045
21,199,88640
21,200,88208
21,201,84355
21,202,84096
21,203,84138
41,1,206720
41,2,140011
41,3,139818
41,4,136215
41,5,135612
41,6,158393
41,7,136162
41,8,135127
41,9,134586
41,10,134681
41,11,134311
41,12,147047
41,13,134563
41,14,134455
41,15,134129
41,16,140057
41,17,146298
41,18,134667
41,19,134346
41,20,134417
41,21,134373
41,22,134239
41,23,144261
41,24,134667
41,25,134427
41,26,134478
41,27,134470
41,28,146461
41,29,134574
41,30,134351
41,31,134477
41,32,134412
41,33,144800
41,34,147900
41,35,134131
41,36,133919
41,37,133910
41,38,133753
41,39,145158
41,40,134044
41,41,133817
41,42,133899
41,43,134019
41,44,144168
41,45,134180
41,46,134161
41,47,133906
41,48,134071
41,49,142158
41,50,149978
41,51,138872
41,52,138760
41,53,138428
41,54,157241
41,55,141589
41,56,138594
41,57,138716
41,58,138430
41,59,158875
41,60,147714
41,61,148726
41,62,138904
41,63,138491
41,64,138346
41,65,149151
41,66,149121
41,67,134145
41,68,134032
41,69,134095
41,70,133825
41,71,153098
41,72,145804
41,73,138814
41,74,139923
41,75,140314
41,76,144262
41,77,161136
41,78,134865
41,79,134089
41,80,134042
41,81,133896
41,82,145138
41,83,134613
41,84,133983
41,85,133778
41,86,133863
41,87,140019
41,88,159655
41,89,134412
41,90,133914
41,91,133994
41,92,133944
41,93,144300
41,94,134553
41,95,134001
41,96,134098
41,97,133828
41,98,147666
41,99,134282
41,100,133953
41,101,133882
41,102,134025
41,103,148629
41,104,134576
41,105,133956
41,106,134029
41,107,133854
41,108,144530
41,109,134597
41,110,134038
41,111,134181
41,112,133872
41,113,150163
41,114,134700
41,115,150294
41,116,134207
41,117,143330
41,118,153131
41,119,138366
41,120,139577
41,121,140841
41,122,153776
41,123,148099
41,124,134382
41,125,133924
41,126,133933
41,127,133975
41,128,146798
41,129,140613
41,130,134087
41,131,133815
41,132,134027
41,133,149606
41,134,134734
41,135,133939
41,136,137451
41,137,134233
41,138,150227
41,139,136901
41,140,134066
41,141,134060
41,142,145179
41,143,151953
41,144,134077
41,145,133761
41,146,135644
41,147,154565
41,148,138416
41,149,145072
41,150,138802
41,151,146928
41,152,148821
41,153,134190
41,154,134098
41,155,145195
41,156,151752
41,157,134690
41,158,133981
41,159,134342
41,160,145195
41,161,155277
41,162,138946
41,163,138739
41,164,145186
41,165,156609
41,166,149171
41,167,139863
41,168,152553
41,169,155326
41,170,151253
41,171,134669
41,172,134220
41,173,134049
41,174,143367
41,175,154844
41,176,134403
41,177,134012
41,178,133916
41,179,149575
41,180,153738
41,181,138529
41,182,138437
41,183,138846
41,184,151635
41,185,146624
41,186,138727
41,187,138568
41,188,153702
41,189,144763
41,190,138842
41,191,134046
41,192,134127
41,193,134210
41,194,160599
41,195,146453
41,196,134200
41,197,133917
41,198,148928
41,199,144371
41,200,134422
41,201,134486
41,202,134117
41,203,145685
